impact,hg19_pos,count,name
HIGH,113357192,12.0,COVID
HIGH,113369714,5.0,COVID
HIGH,136132907,13.0,COVID
LOW,113386949,6.0,COVID
LOW,46008086,16.0,COVID
LOW,46010006,16.0,COVID
LOW,46063328,16.0,COVID
LOW,46306699,15.0,COVID
MODERATE,155172724,16.0,COVID
MODERATE,113357208,11.0,COVID
MODERATE,113357441,11.0,COVID
MODERATE,113376387,5.0,COVID
MODERATE,113425153,16.0,COVID
MODERATE,10475651,15.0,COVID
MODERATE,4717671,11.0,COVID
MODERATE,50865534,16.0,COVID
MODERATE,34614249,15.0,COVID
MODERATE,34614254,15.0,COVID
MODERATE,34634877,5.0,COVID
MODERATE,34640787,16.0,COVID
MODERATE,46007822,16.0,COVID
MODERATE,46007824,16.0,COVID
MODERATE,46009486,16.0,COVID
MODERATE,46450296,16.0,COVID
MODERATE,36438708,16.0,COVID
MODIFIER,112216960,15.0,COVID
MODIFIER,155040653,5.0,COVID
MODIFIER,155045003,16.0,COVID
MODIFIER,155153536,5.0,COVID
MODIFIER,155167785,16.0,COVID
MODIFIER,155172724,16.0,COVID
MODIFIER,155173526,16.0,COVID
MODIFIER,214119341,13.0,COVID
MODIFIER,228410440,5.0,COVID
MODIFIER,228413615,5.0,COVID
MODIFIER,228413634,5.0,COVID
MODIFIER,2332987,10.0,COVID
MODIFIER,2333030,8.0,COVID
MODIFIER,2335675,15.0,COVID
MODIFIER,2337536,5.0,COVID
MODIFIER,2338568,5.0,COVID
MODIFIER,2339073,7.0,COVID
MODIFIER,39279036,15.0,COVID
MODIFIER,1062866,4.0,COVID
MODIFIER,1064610,4.0,COVID
MODIFIER,1064690,4.0,COVID
MODIFIER,1065790,5.0,COVID
MODIFIER,1067617,4.0,COVID
MODIFIER,1068701,10.0,COVID
MODIFIER,114707179,15.0,COVID
MODIFIER,34484282,16.0,COVID
MODIFIER,34491313,5.0,COVID
MODIFIER,34492746,15.0,COVID
MODIFIER,34495806,5.0,COVID
MODIFIER,103014756,13.0,COVID
MODIFIER,113350795,7.0,COVID
MODIFIER,113352158,4.0,COVID
MODIFIER,113357192,12.0,COVID
MODIFIER,113357208,11.0,COVID
MODIFIER,113357441,11.0,COVID
MODIFIER,113358105,11.0,COVID
MODIFIER,113358790,5.0,COVID
MODIFIER,113358793,5.0,COVID
MODIFIER,113359131,7.0,COVID
MODIFIER,113359156,11.0,COVID
MODIFIER,113359187,11.0,COVID
MODIFIER,113359317,5.0,COVID
MODIFIER,113359576,5.0,COVID
MODIFIER,113359702,5.0,COVID
MODIFIER,113360024,5.0,COVID
MODIFIER,113360301,4.0,COVID
MODIFIER,113360467,4.0,COVID
MODIFIER,113360562,4.0,COVID
MODIFIER,113360574,4.0,COVID
MODIFIER,113360736,4.0,COVID
MODIFIER,113360785,4.0,COVID
MODIFIER,113361116,10.0,COVID
MODIFIER,113361157,5.0,COVID
MODIFIER,113361173,10.0,COVID
MODIFIER,113361236,10.0,COVID
MODIFIER,113361442,10.0,COVID
MODIFIER,113361573,10.0,COVID
MODIFIER,113361705,10.0,COVID
MODIFIER,113362057,9.0,COVID
MODIFIER,113362406,9.0,COVID
MODIFIER,113362420,9.0,COVID
MODIFIER,113362750,4.0,COVID
MODIFIER,113362973,4.0,COVID
MODIFIER,113362996,4.0,COVID
MODIFIER,113363076,4.0,COVID
MODIFIER,113363108,4.0,COVID
MODIFIER,113363177,4.0,COVID
MODIFIER,113363282,4.0,COVID
MODIFIER,113363283,4.0,COVID
MODIFIER,113363407,4.0,COVID
MODIFIER,113363549,4.0,COVID
MODIFIER,113363691,5.0,COVID
MODIFIER,113363921,5.0,COVID
MODIFIER,113363971,5.0,COVID
MODIFIER,113364331,4.0,COVID
MODIFIER,113364374,5.0,COVID
MODIFIER,113364381,5.0,COVID
MODIFIER,113364470,5.0,COVID
MODIFIER,113364503,5.0,COVID
MODIFIER,113364511,5.0,COVID
MODIFIER,113364632,5.0,COVID
MODIFIER,113364779,5.0,COVID
MODIFIER,113364780,5.0,COVID
MODIFIER,113364872,5.0,COVID
MODIFIER,113365064,5.0,COVID
MODIFIER,113365147,5.0,COVID
MODIFIER,113365160,5.0,COVID
MODIFIER,113365200,5.0,COVID
MODIFIER,113365222,5.0,COVID
MODIFIER,113365452,5.0,COVID
MODIFIER,113365580,5.0,COVID
MODIFIER,113365666,5.0,COVID
MODIFIER,113365686,5.0,COVID
MODIFIER,113365802,4.0,COVID
MODIFIER,113365827,5.0,COVID
MODIFIER,113366048,4.0,COVID
MODIFIER,113366690,4.0,COVID
MODIFIER,113366898,4.0,COVID
MODIFIER,113367308,4.0,COVID
MODIFIER,113367324,4.0,COVID
MODIFIER,113367331,4.0,COVID
MODIFIER,113367342,4.0,COVID
MODIFIER,113367421,4.0,COVID
MODIFIER,113367594,4.0,COVID
MODIFIER,113367894,4.0,COVID
MODIFIER,113368029,4.0,COVID
MODIFIER,113368054,4.0,COVID
MODIFIER,113368078,4.0,COVID
MODIFIER,113368124,4.0,COVID
MODIFIER,113368248,4.0,COVID
MODIFIER,113368504,4.0,COVID
MODIFIER,113368604,5.0,COVID
MODIFIER,113369176,5.0,COVID
MODIFIER,113369714,5.0,COVID
MODIFIER,113370426,5.0,COVID
MODIFIER,113370965,5.0,COVID
MODIFIER,113371522,5.0,COVID
MODIFIER,113371645,4.0,COVID
MODIFIER,113371972,5.0,COVID
MODIFIER,113371976,5.0,COVID
MODIFIER,113372538,5.0,COVID
MODIFIER,113372803,5.0,COVID
MODIFIER,113372865,5.0,COVID
MODIFIER,113372960,5.0,COVID
MODIFIER,113372976,5.0,COVID
MODIFIER,113373562,5.0,COVID
MODIFIER,113373587,5.0,COVID
MODIFIER,113374016,5.0,COVID
MODIFIER,113374747,5.0,COVID
MODIFIER,113375035,5.0,COVID
MODIFIER,113375982,5.0,COVID
MODIFIER,113376319,5.0,COVID
MODIFIER,113376387,5.0,COVID
MODIFIER,113376912,5.0,COVID
MODIFIER,113377821,5.0,COVID
MODIFIER,113378080,5.0,COVID
MODIFIER,113378676,5.0,COVID
MODIFIER,113379038,5.0,COVID
MODIFIER,113379122,5.0,COVID
MODIFIER,113380007,10.0,COVID
MODIFIER,113380270,5.0,COVID
MODIFIER,113380528,5.0,COVID
MODIFIER,113380707,7.0,COVID
MODIFIER,113381216,5.0,COVID
MODIFIER,113381375,6.0,COVID
MODIFIER,113381694,5.0,COVID
MODIFIER,113381748,5.0,COVID
MODIFIER,113381955,8.0,COVID
MODIFIER,113382976,5.0,COVID
MODIFIER,113384999,5.0,COVID
MODIFIER,113386949,6.0,COVID
MODIFIER,113392181,4.0,COVID
MODIFIER,113396009,4.0,COVID
MODIFIER,113397142,2.0,COVID
MODIFIER,113402898,5.0,COVID
MODIFIER,113405180,5.0,COVID
MODIFIER,113406195,6.0,COVID
MODIFIER,113406459,5.0,COVID
MODIFIER,113406944,5.0,COVID
MODIFIER,113408207,6.0,COVID
MODIFIER,113409412,7.0,COVID
MODIFIER,113410315,5.0,COVID
MODIFIER,113418849,5.0,COVID
MODIFIER,113419176,5.0,COVID
MODIFIER,113420603,5.0,COVID
MODIFIER,113421294,5.0,COVID
MODIFIER,113424500,5.0,COVID
MODIFIER,113425153,16.0,COVID
MODIFIER,113425492,11.0,COVID
MODIFIER,113425678,5.0,COVID
MODIFIER,42566579,5.0,COVID
MODIFIER,42645628,4.0,COVID
MODIFIER,48265537,5.0,COVID
MODIFIER,103619845,4.0,COVID
MODIFIER,103620649,5.0,COVID
MODIFIER,95782719,15.0,COVID
MODIFIER,44219830,10.0,COVID
MODIFIER,44863132,15.0,COVID
MODIFIER,47868920,4.0,COVID
MODIFIER,47903145,4.0,COVID
MODIFIER,47907382,5.0,COVID
MODIFIER,47914637,4.0,COVID
MODIFIER,47928833,16.0,COVID
MODIFIER,47940665,15.0,COVID
MODIFIER,36921850,5.0,COVID
MODIFIER,42698825,12.0,COVID
MODIFIER,42701051,16.0,COVID
MODIFIER,60847261,16.0,COVID
MODIFIER,60878882,15.0,COVID
MODIFIER,10466122,4.0,COVID
MODIFIER,10475651,15.0,COVID
MODIFIER,10477066,12.0,COVID
MODIFIER,47010314,4.0,COVID
MODIFIER,47013037,2.0,COVID
MODIFIER,47013269,1.0,COVID
MODIFIER,47014368,4.0,COVID
MODIFIER,47014491,4.0,COVID
MODIFIER,47016883,5.0,COVID
MODIFIER,47017068,5.0,COVID
MODIFIER,4717671,11.0,COVID
MODIFIER,4719024,10.0,COVID
MODIFIER,4719442,8.0,COVID
MODIFIER,4719484,11.0,COVID
MODIFIER,4723669,10.0,COVID
MODIFIER,4724733,9.0,COVID
MODIFIER,50865534,16.0,COVID
MODIFIER,50866883,5.0,COVID
MODIFIER,50867105,5.0,COVID
MODIFIER,50867491,5.0,COVID
MODIFIER,50871146,5.0,COVID
MODIFIER,50872718,5.0,COVID
MODIFIER,50874161,5.0,COVID
MODIFIER,50874793,5.0,COVID
MODIFIER,50875684,5.0,COVID
MODIFIER,50877679,11.0,COVID
MODIFIER,50879139,4.0,COVID
MODIFIER,50879523,11.0,COVID
MODIFIER,50880474,14.0,COVID
MODIFIER,50881325,15.0,COVID
MODIFIER,50882171,12.0,COVID
MODIFIER,50882618,15.0,COVID
MODIFIER,144174294,10.0,COVID
MODIFIER,166918292,14.0,COVID
MODIFIER,176685498,11.0,COVID
MODIFIER,228161169,12.0,COVID
MODIFIER,228164973,15.0,COVID
MODIFIER,42729614,5.0,COVID
MODIFIER,59664454,5.0,COVID
MODIFIER,34589810,5.0,COVID
MODIFIER,34590622,6.0,COVID
MODIFIER,34593121,5.0,COVID
MODIFIER,34593149,5.0,COVID
MODIFIER,34593573,4.0,COVID
MODIFIER,34593672,5.0,COVID
MODIFIER,34593709,5.0,COVID
MODIFIER,34596749,5.0,COVID
MODIFIER,34598384,4.0,COVID
MODIFIER,34599083,5.0,COVID
MODIFIER,34600507,5.0,COVID
MODIFIER,34602245,2.0,COVID
MODIFIER,34602304,2.0,COVID
MODIFIER,34602793,14.0,COVID
MODIFIER,34602933,16.0,COVID
MODIFIER,34603248,15.0,COVID
MODIFIER,34603879,15.0,COVID
MODIFIER,34604556,11.0,COVID
MODIFIER,34605777,7.0,COVID
MODIFIER,34606633,12.0,COVID
MODIFIER,34607222,5.0,COVID
MODIFIER,34607435,5.0,COVID
MODIFIER,34607869,9.0,COVID
MODIFIER,34609504,15.0,COVID
MODIFIER,34609595,5.0,COVID
MODIFIER,34609943,15.0,COVID
MODIFIER,34610486,5.0,COVID
MODIFIER,34611317,5.0,COVID
MODIFIER,34611544,9.0,COVID
MODIFIER,34611570,10.0,COVID
MODIFIER,34611729,10.0,COVID
MODIFIER,34611991,3.0,COVID
MODIFIER,34613300,5.0,COVID
MODIFIER,34614249,15.0,COVID
MODIFIER,34614254,15.0,COVID
MODIFIER,34614833,4.0,COVID
MODIFIER,34614986,3.0,COVID
MODIFIER,34615209,2.0,COVID
MODIFIER,34616544,13.0,COVID
MODIFIER,34616922,14.0,COVID
MODIFIER,34617212,16.0,COVID
MODIFIER,34617728,15.0,COVID
MODIFIER,34617949,15.0,COVID
MODIFIER,34618042,16.0,COVID
MODIFIER,34618284,16.0,COVID
MODIFIER,34618312,16.0,COVID
MODIFIER,34618438,4.0,COVID
MODIFIER,34619444,14.0,COVID
MODIFIER,34620206,13.0,COVID
MODIFIER,34620450,11.0,COVID
MODIFIER,34620800,13.0,COVID
MODIFIER,34621947,4.0,COVID
MODIFIER,34622535,14.0,COVID
MODIFIER,34623918,9.0,COVID
MODIFIER,34624916,15.0,COVID
MODIFIER,34625412,16.0,COVID
MODIFIER,34625997,5.0,COVID
MODIFIER,34626853,5.0,COVID
MODIFIER,34626854,5.0,COVID
MODIFIER,34627773,10.0,COVID
MODIFIER,34629174,9.0,COVID
MODIFIER,34631132,5.0,COVID
MODIFIER,34632240,11.0,COVID
MODIFIER,34632315,12.0,COVID
MODIFIER,34634044,5.0,COVID
MODIFIER,34634877,5.0,COVID
MODIFIER,34638030,16.0,COVID
MODIFIER,34640787,16.0,COVID
MODIFIER,35322057,4.0,COVID
MODIFIER,35325094,4.0,COVID
MODIFIER,35327264,4.0,COVID
MODIFIER,35333133,5.0,COVID
MODIFIER,35344478,12.0,COVID
MODIFIER,35346304,15.0,COVID
MODIFIER,35362847,5.0,COVID
MODIFIER,35363758,15.0,COVID
MODIFIER,169040193,16.0,COVID
MODIFIER,169053263,14.0,COVID
MODIFIER,169054255,16.0,COVID
MODIFIER,169067708,16.0,COVID
MODIFIER,169069153,16.0,COVID
MODIFIER,169073004,16.0,COVID
MODIFIER,169076978,15.0,COVID
MODIFIER,169079858,16.0,COVID
MODIFIER,169081591,16.0,COVID
MODIFIER,169082985,16.0,COVID
MODIFIER,169083548,16.0,COVID
MODIFIER,169086026,12.0,COVID
MODIFIER,196358716,14.0,COVID
MODIFIER,45841937,15.0,COVID
MODIFIER,45843241,5.0,COVID
MODIFIER,45843314,11.0,COVID
MODIFIER,45843438,15.0,COVID
MODIFIER,45844197,12.0,COVID
MODIFIER,45845747,10.0,COVID
MODIFIER,45846768,5.0,COVID
MODIFIER,45847240,8.0,COVID
MODIFIER,45848759,15.0,COVID
MODIFIER,45850782,5.0,COVID
MODIFIER,45859650,12.0,COVID
MODIFIER,45861931,7.0,COVID
MODIFIER,45862951,5.0,COVID
MODIFIER,45864731,5.0,COVID
MODIFIER,45867439,14.0,COVID
MODIFIER,45871907,16.0,COVID
MODIFIER,45880480,10.0,COVID
MODIFIER,45888689,5.0,COVID
MODIFIER,45889920,5.0,COVID
MODIFIER,45889948,5.0,COVID
MODIFIER,45899650,10.0,COVID
MODIFIER,45900633,14.0,COVID
MODIFIER,45901088,12.0,COVID
MODIFIER,45908115,9.0,COVID
MODIFIER,45908513,4.0,COVID
MODIFIER,45908858,4.0,COVID
MODIFIER,45909023,14.0,COVID
MODIFIER,45909527,2.0,COVID
MODIFIER,45909643,3.0,COVID
MODIFIER,45910869,12.0,COVID
MODIFIER,45916221,13.0,COVID
MODIFIER,45916546,13.0,COVID
MODIFIER,45916785,5.0,COVID
MODIFIER,45918214,10.0,COVID
MODIFIER,45920297,4.0,COVID
MODIFIER,45926042,15.0,COVID
MODIFIER,45927758,16.0,COVID
MODIFIER,45928768,15.0,COVID
MODIFIER,45932406,5.0,COVID
MODIFIER,45936944,5.0,COVID
MODIFIER,45937832,10.0,COVID
MODIFIER,45939015,7.0,COVID
MODIFIER,45939801,7.0,COVID
MODIFIER,45945131,12.0,COVID
MODIFIER,45947017,8.0,COVID
MODIFIER,45951646,5.0,COVID
MODIFIER,45954338,7.0,COVID
MODIFIER,45960419,11.0,COVID
MODIFIER,45960645,15.0,COVID
MODIFIER,45960699,16.0,COVID
MODIFIER,45962602,15.0,COVID
MODIFIER,45968042,12.0,COVID
MODIFIER,45970390,14.0,COVID
MODIFIER,45970943,12.0,COVID
MODIFIER,45974091,12.0,COVID
MODIFIER,45975442,5.0,COVID
MODIFIER,45976661,5.0,COVID
MODIFIER,45981170,16.0,COVID
MODIFIER,45983475,10.0,COVID
MODIFIER,45985346,15.0,COVID
MODIFIER,45989043,16.0,COVID
MODIFIER,45989872,16.0,COVID
MODIFIER,45989920,16.0,COVID
MODIFIER,45993644,13.0,COVID
MODIFIER,45995747,5.0,COVID
MODIFIER,45996500,5.0,COVID
MODIFIER,45997262,14.0,COVID
MODIFIER,45999208,16.0,COVID
MODIFIER,46000727,15.0,COVID
MODIFIER,46000869,14.0,COVID
MODIFIER,46001226,15.0,COVID
MODIFIER,46001366,14.0,COVID
MODIFIER,46001719,9.0,COVID
MODIFIER,46002962,5.0,COVID
MODIFIER,46003495,15.0,COVID
MODIFIER,46003536,12.0,COVID
MODIFIER,46006238,14.0,COVID
MODIFIER,46006268,13.0,COVID
MODIFIER,46006340,12.0,COVID
MODIFIER,46007487,15.0,COVID
MODIFIER,46011435,12.0,COVID
MODIFIER,46012278,14.0,COVID
MODIFIER,46012390,16.0,COVID
MODIFIER,46013831,11.0,COVID
MODIFIER,46014544,15.0,COVID
MODIFIER,46015568,5.0,COVID
MODIFIER,46015932,14.0,COVID
MODIFIER,46018343,12.0,COVID
MODIFIER,46022832,16.0,COVID
MODIFIER,46024528,13.0,COVID
MODIFIER,46025047,13.0,COVID
MODIFIER,46031956,10.0,COVID
MODIFIER,46032387,5.0,COVID
MODIFIER,46032440,5.0,COVID
MODIFIER,46032846,11.0,COVID
MODIFIER,46033818,10.0,COVID
MODIFIER,46035096,16.0,COVID
MODIFIER,46036520,16.0,COVID
MODIFIER,46038446,12.0,COVID
MODIFIER,46038643,5.0,COVID
MODIFIER,46039059,5.0,COVID
MODIFIER,46039151,4.0,COVID
MODIFIER,46039598,5.0,COVID
MODIFIER,46039867,5.0,COVID
MODIFIER,46040677,5.0,COVID
MODIFIER,46041581,5.0,COVID
MODIFIER,46041836,5.0,COVID
MODIFIER,46041908,5.0,COVID
MODIFIER,46042072,5.0,COVID
MODIFIER,46042412,5.0,COVID
MODIFIER,46046458,5.0,COVID
MODIFIER,46046768,5.0,COVID
MODIFIER,46047031,5.0,COVID
MODIFIER,46047043,5.0,COVID
MODIFIER,46047657,5.0,COVID
MODIFIER,46049763,5.0,COVID
MODIFIER,46049764,5.0,COVID
MODIFIER,46049826,5.0,COVID
MODIFIER,46051701,5.0,COVID
MODIFIER,46051773,5.0,COVID
MODIFIER,46051907,5.0,COVID
MODIFIER,46052262,5.0,COVID
MODIFIER,46052799,5.0,COVID
MODIFIER,46053580,5.0,COVID
MODIFIER,46053777,5.0,COVID
MODIFIER,46053967,5.0,COVID
MODIFIER,46054155,5.0,COVID
MODIFIER,46055249,4.0,COVID
MODIFIER,46055715,5.0,COVID
MODIFIER,46055908,4.0,COVID
MODIFIER,46056119,4.0,COVID
MODIFIER,46056161,4.0,COVID
MODIFIER,46056172,4.0,COVID
MODIFIER,46056910,1.0,COVID
MODIFIER,46057866,11.0,COVID
MODIFIER,46058907,11.0,COVID
MODIFIER,46059138,11.0,COVID
MODIFIER,46059248,10.0,COVID
MODIFIER,46059483,11.0,COVID
MODIFIER,46061217,10.0,COVID
MODIFIER,46061303,13.0,COVID
MODIFIER,46061839,14.0,COVID
MODIFIER,46061996,5.0,COVID
MODIFIER,46063328,16.0,COVID
MODIFIER,46063752,5.0,COVID
MODIFIER,46064617,5.0,COVID
MODIFIER,46064625,5.0,COVID
MODIFIER,46065762,15.0,COVID
MODIFIER,46065962,16.0,COVID
MODIFIER,46067506,16.0,COVID
MODIFIER,46068324,5.0,COVID
MODIFIER,46068472,5.0,COVID
MODIFIER,46068763,15.0,COVID
MODIFIER,46068834,16.0,COVID
MODIFIER,46069209,5.0,COVID
MODIFIER,46069572,5.0,COVID
MODIFIER,46070336,5.0,COVID
MODIFIER,46070352,5.0,COVID
MODIFIER,46071080,5.0,COVID
MODIFIER,46071462,5.0,COVID
MODIFIER,46071762,5.0,COVID
MODIFIER,46071867,5.0,COVID
MODIFIER,46072005,12.0,COVID
MODIFIER,46072518,5.0,COVID
MODIFIER,46072629,5.0,COVID
MODIFIER,46072703,5.0,COVID
MODIFIER,46072767,5.0,COVID
MODIFIER,46072838,5.0,COVID
MODIFIER,46073313,5.0,COVID
MODIFIER,46073922,5.0,COVID
MODIFIER,46074710,5.0,COVID
MODIFIER,46074857,5.0,COVID
MODIFIER,46075089,5.0,COVID
MODIFIER,46077331,5.0,COVID
MODIFIER,46077389,5.0,COVID
MODIFIER,46077524,5.0,COVID
MODIFIER,46078291,5.0,COVID
MODIFIER,46079870,5.0,COVID
MODIFIER,46080023,5.0,COVID
MODIFIER,46080175,5.0,COVID
MODIFIER,46080911,5.0,COVID
MODIFIER,46081107,5.0,COVID
MODIFIER,46081305,5.0,COVID
MODIFIER,46081332,5.0,COVID
MODIFIER,46081706,5.0,COVID
MODIFIER,46082174,5.0,COVID
MODIFIER,46082320,5.0,COVID
MODIFIER,46082480,5.0,COVID
MODIFIER,46083200,5.0,COVID
MODIFIER,46083356,5.0,COVID
MODIFIER,46083633,5.0,COVID
MODIFIER,46083940,5.0,COVID
MODIFIER,46084371,5.0,COVID
MODIFIER,46084460,5.0,COVID
MODIFIER,46084741,5.0,COVID
MODIFIER,46084948,5.0,COVID
MODIFIER,46085320,5.0,COVID
MODIFIER,46086082,5.0,COVID
MODIFIER,46086223,5.0,COVID
MODIFIER,46086224,5.0,COVID
MODIFIER,46087991,5.0,COVID
MODIFIER,46088281,5.0,COVID
MODIFIER,46088335,5.0,COVID
MODIFIER,46089340,2.0,COVID
MODIFIER,46090012,5.0,COVID
MODIFIER,46090476,5.0,COVID
MODIFIER,46090556,5.0,COVID
MODIFIER,46090621,3.0,COVID
MODIFIER,46091057,5.0,COVID
MODIFIER,46091733,5.0,COVID
MODIFIER,46092287,5.0,COVID
MODIFIER,46093857,5.0,COVID
MODIFIER,46094062,5.0,COVID
MODIFIER,46094461,5.0,COVID
MODIFIER,46094622,5.0,COVID
MODIFIER,46095103,5.0,COVID
MODIFIER,46096042,5.0,COVID
MODIFIER,46096797,5.0,COVID
MODIFIER,46098525,4.0,COVID
MODIFIER,46099153,4.0,COVID
MODIFIER,46100137,4.0,COVID
MODIFIER,46100293,4.0,COVID
MODIFIER,46100490,4.0,COVID
MODIFIER,46100495,4.0,COVID
MODIFIER,46100998,9.0,COVID
MODIFIER,46101103,13.0,COVID
MODIFIER,46101202,12.0,COVID
MODIFIER,46101465,8.0,COVID
MODIFIER,46102172,5.0,COVID
MODIFIER,46103679,4.0,COVID
MODIFIER,46107497,11.0,COVID
MODIFIER,46107600,14.0,COVID
MODIFIER,46108284,15.0,COVID
MODIFIER,46108399,12.0,COVID
MODIFIER,46111080,5.0,COVID
MODIFIER,46111212,5.0,COVID
MODIFIER,46111758,5.0,COVID
MODIFIER,46111868,5.0,COVID
MODIFIER,46114215,5.0,COVID
MODIFIER,46116009,4.0,COVID
MODIFIER,46116786,9.0,COVID
MODIFIER,46117095,9.0,COVID
MODIFIER,46117959,11.0,COVID
MODIFIER,46118438,5.0,COVID
MODIFIER,46119790,5.0,COVID
MODIFIER,46120516,5.0,COVID
MODIFIER,46123042,4.0,COVID
MODIFIER,46123054,4.0,COVID
MODIFIER,46123332,2.0,COVID
MODIFIER,46123838,5.0,COVID
MODIFIER,46124417,5.0,COVID
MODIFIER,46127556,5.0,COVID
MODIFIER,46128541,5.0,COVID
MODIFIER,46128708,5.0,COVID
MODIFIER,46128712,5.0,COVID
MODIFIER,46131224,11.0,COVID
MODIFIER,46135689,7.0,COVID
MODIFIER,46136437,10.0,COVID
MODIFIER,46138106,15.0,COVID
MODIFIER,46138454,16.0,COVID
MODIFIER,46138841,13.0,COVID
MODIFIER,46140072,16.0,COVID
MODIFIER,46141503,5.0,COVID
MODIFIER,46141843,13.0,COVID
MODIFIER,46142463,13.0,COVID
MODIFIER,46143186,12.0,COVID
MODIFIER,46144980,5.0,COVID
MODIFIER,46146313,5.0,COVID
MODIFIER,46147503,9.0,COVID
MODIFIER,46154271,5.0,COVID
MODIFIER,46154456,5.0,COVID
MODIFIER,46169039,5.0,COVID
MODIFIER,46170896,11.0,COVID
MODIFIER,46172823,10.0,COVID
MODIFIER,46172902,10.0,COVID
MODIFIER,46173071,10.0,COVID
MODIFIER,46173209,10.0,COVID
MODIFIER,46173641,10.0,COVID
MODIFIER,46174330,10.0,COVID
MODIFIER,46174394,9.0,COVID
MODIFIER,46174604,12.0,COVID
MODIFIER,46174693,12.0,COVID
MODIFIER,46177095,15.0,COVID
MODIFIER,46177863,4.0,COVID
MODIFIER,46177991,4.0,COVID
MODIFIER,46178537,4.0,COVID
MODIFIER,46179480,4.0,COVID
MODIFIER,46180415,12.0,COVID
MODIFIER,46183559,14.0,COVID
MODIFIER,46183560,14.0,COVID
MODIFIER,46184619,2.0,COVID
MODIFIER,46184638,2.0,COVID
MODIFIER,46184679,2.0,COVID
MODIFIER,46184724,16.0,COVID
MODIFIER,46186309,9.0,COVID
MODIFIER,46186322,8.0,COVID
MODIFIER,46186637,6.0,COVID
MODIFIER,46186837,9.0,COVID
MODIFIER,46187117,8.0,COVID
MODIFIER,46187705,6.0,COVID
MODIFIER,46188752,5.0,COVID
MODIFIER,46189447,5.0,COVID
MODIFIER,46189489,5.0,COVID
MODIFIER,46189771,5.0,COVID
MODIFIER,46189923,3.0,COVID
MODIFIER,46190063,3.0,COVID
MODIFIER,46190154,3.0,COVID
MODIFIER,46190326,3.0,COVID
MODIFIER,46190373,3.0,COVID
MODIFIER,46191025,3.0,COVID
MODIFIER,46191412,3.0,COVID
MODIFIER,46191649,3.0,COVID
MODIFIER,46192784,3.0,COVID
MODIFIER,46194527,4.0,COVID
MODIFIER,46194588,5.0,COVID
MODIFIER,46194768,5.0,COVID
MODIFIER,46195401,5.0,COVID
MODIFIER,46195880,5.0,COVID
MODIFIER,46197285,5.0,COVID
MODIFIER,46198070,5.0,COVID
MODIFIER,46198172,5.0,COVID
MODIFIER,46198375,4.0,COVID
MODIFIER,46198387,4.0,COVID
MODIFIER,46199679,5.0,COVID
MODIFIER,46200859,5.0,COVID
MODIFIER,46200924,2.0,COVID
MODIFIER,46200925,2.0,COVID
MODIFIER,46201874,5.0,COVID
MODIFIER,46202211,5.0,COVID
MODIFIER,46202236,5.0,COVID
MODIFIER,46202237,5.0,COVID
MODIFIER,46202777,5.0,COVID
MODIFIER,46204378,5.0,COVID
MODIFIER,46206998,4.0,COVID
MODIFIER,46208782,4.0,COVID
MODIFIER,46208857,4.0,COVID
MODIFIER,46209426,5.0,COVID
MODIFIER,46210511,5.0,COVID
MODIFIER,46211059,5.0,COVID
MODIFIER,46213593,4.0,COVID
MODIFIER,46215106,5.0,COVID
MODIFIER,46215709,3.0,COVID
MODIFIER,46216083,3.0,COVID
MODIFIER,46216244,2.0,COVID
MODIFIER,46216623,3.0,COVID
MODIFIER,46216968,3.0,COVID
MODIFIER,46217739,3.0,COVID
MODIFIER,46219387,3.0,COVID
MODIFIER,46219832,5.0,COVID
MODIFIER,46220499,5.0,COVID
MODIFIER,46220505,5.0,COVID
MODIFIER,46220681,5.0,COVID
MODIFIER,46221530,5.0,COVID
MODIFIER,46222036,5.0,COVID
MODIFIER,46224849,5.0,COVID
MODIFIER,46225215,5.0,COVID
MODIFIER,46225994,5.0,COVID
MODIFIER,46226164,5.0,COVID
MODIFIER,46226645,5.0,COVID
MODIFIER,46226724,5.0,COVID
MODIFIER,46226768,5.0,COVID
MODIFIER,46227170,5.0,COVID
MODIFIER,46232131,8.0,COVID
MODIFIER,46232764,16.0,COVID
MODIFIER,46233689,5.0,COVID
MODIFIER,46234466,5.0,COVID
MODIFIER,46235200,5.0,COVID
MODIFIER,46239648,5.0,COVID
MODIFIER,46240171,5.0,COVID
MODIFIER,46240825,5.0,COVID
MODIFIER,46241528,12.0,COVID
MODIFIER,46242476,11.0,COVID
MODIFIER,46242615,11.0,COVID
MODIFIER,46242784,7.0,COVID
MODIFIER,46244272,1.0,COVID
MODIFIER,46246815,9.0,COVID
MODIFIER,46246952,14.0,COVID
MODIFIER,46247095,15.0,COVID
MODIFIER,46247455,14.0,COVID
MODIFIER,46247583,14.0,COVID
MODIFIER,46248223,14.0,COVID
MODIFIER,46248384,16.0,COVID
MODIFIER,46249721,16.0,COVID
MODIFIER,46249928,16.0,COVID
MODIFIER,46250007,16.0,COVID
MODIFIER,46250373,15.0,COVID
MODIFIER,46250583,13.0,COVID
MODIFIER,46250732,9.0,COVID
MODIFIER,46250798,9.0,COVID
MODIFIER,46252504,5.0,COVID
MODIFIER,46253213,5.0,COVID
MODIFIER,46253598,11.0,COVID
MODIFIER,46253606,11.0,COVID
MODIFIER,46253788,11.0,COVID
MODIFIER,46253811,11.0,COVID
MODIFIER,46254790,11.0,COVID
MODIFIER,46255261,11.0,COVID
MODIFIER,46255475,11.0,COVID
MODIFIER,46255795,11.0,COVID
MODIFIER,46257295,4.0,COVID
MODIFIER,46257695,4.0,COVID
MODIFIER,46258225,4.0,COVID
MODIFIER,46258739,4.0,COVID
MODIFIER,46259295,4.0,COVID
MODIFIER,46259914,3.0,COVID
MODIFIER,46259957,3.0,COVID
MODIFIER,46260007,3.0,COVID
MODIFIER,46260038,3.0,COVID
MODIFIER,46260194,3.0,COVID
MODIFIER,46260443,3.0,COVID
MODIFIER,46260497,3.0,COVID
MODIFIER,46260859,3.0,COVID
MODIFIER,46261255,5.0,COVID
MODIFIER,46262110,5.0,COVID
MODIFIER,46262722,15.0,COVID
MODIFIER,46263207,12.0,COVID
MODIFIER,46263243,12.0,COVID
MODIFIER,46263716,14.0,COVID
MODIFIER,46263744,14.0,COVID
MODIFIER,46265189,10.0,COVID
MODIFIER,46265242,12.0,COVID
MODIFIER,46265534,12.0,COVID
MODIFIER,46265579,12.0,COVID
MODIFIER,46265853,4.0,COVID
MODIFIER,46266210,4.0,COVID
MODIFIER,46266378,11.0,COVID
MODIFIER,46266725,14.0,COVID
MODIFIER,46267332,10.0,COVID
MODIFIER,46267581,4.0,COVID
MODIFIER,46267736,7.0,COVID
MODIFIER,46268012,10.0,COVID
MODIFIER,46268078,10.0,COVID
MODIFIER,46268341,10.0,COVID
MODIFIER,46268576,4.0,COVID
MODIFIER,46268663,4.0,COVID
MODIFIER,46268771,10.0,COVID
MODIFIER,46269135,14.0,COVID
MODIFIER,46270747,14.0,COVID
MODIFIER,46271398,10.0,COVID
MODIFIER,46271453,9.0,COVID
MODIFIER,46272161,4.0,COVID
MODIFIER,46272439,4.0,COVID
MODIFIER,46272510,4.0,COVID
MODIFIER,46272708,5.0,COVID
MODIFIER,46273597,11.0,COVID
MODIFIER,46273726,11.0,COVID
MODIFIER,46273765,15.0,COVID
MODIFIER,46274258,15.0,COVID
MODIFIER,46274765,13.0,COVID
MODIFIER,46274885,16.0,COVID
MODIFIER,46274905,15.0,COVID
MODIFIER,46276077,10.0,COVID
MODIFIER,46278918,5.0,COVID
MODIFIER,46279149,5.0,COVID
MODIFIER,46280617,5.0,COVID
MODIFIER,46286662,12.0,COVID
MODIFIER,46288010,2.0,COVID
MODIFIER,46289402,2.0,COVID
MODIFIER,46289580,2.0,COVID
MODIFIER,46292338,1.0,COVID
MODIFIER,46297527,5.0,COVID
MODIFIER,46297710,8.0,COVID
MODIFIER,46298372,5.0,COVID
MODIFIER,46298376,5.0,COVID
MODIFIER,46298900,5.0,COVID
MODIFIER,46300869,6.0,COVID
MODIFIER,46301422,5.0,COVID
MODIFIER,46301785,5.0,COVID
MODIFIER,46303696,11.0,COVID
MODIFIER,46304063,8.0,COVID
MODIFIER,46305440,13.0,COVID
MODIFIER,46306473,15.0,COVID
MODIFIER,46306699,15.0,COVID
MODIFIER,46310839,5.0,COVID
MODIFIER,46311781,12.0,COVID
MODIFIER,46312846,11.0,COVID
MODIFIER,46312952,12.0,COVID
MODIFIER,46313333,11.0,COVID
MODIFIER,46315656,4.0,COVID
MODIFIER,46316004,4.0,COVID
MODIFIER,46317550,4.0,COVID
MODIFIER,46317897,13.0,COVID
MODIFIER,46320119,5.0,COVID
MODIFIER,46322170,4.0,COVID
MODIFIER,46322288,5.0,COVID
MODIFIER,46322712,5.0,COVID
MODIFIER,46327511,15.0,COVID
MODIFIER,46328626,13.0,COVID
MODIFIER,46328714,15.0,COVID
MODIFIER,46329367,5.0,COVID
MODIFIER,46329474,5.0,COVID
MODIFIER,46330204,5.0,COVID
MODIFIER,46331851,16.0,COVID
MODIFIER,46332183,5.0,COVID
MODIFIER,46332189,5.0,COVID
MODIFIER,46332275,4.0,COVID
MODIFIER,46332998,15.0,COVID
MODIFIER,46334845,11.0,COVID
MODIFIER,46337355,14.0,COVID
MODIFIER,46337691,5.0,COVID
MODIFIER,46338830,12.0,COVID
MODIFIER,46344998,15.0,COVID
MODIFIER,46346891,5.0,COVID
MODIFIER,46350055,5.0,COVID
MODIFIER,46353198,16.0,COVID
MODIFIER,46355491,9.0,COVID
MODIFIER,46355640,9.0,COVID
MODIFIER,46356047,12.0,COVID
MODIFIER,46359937,12.0,COVID
MODIFIER,46366517,5.0,COVID
MODIFIER,46368689,5.0,COVID
MODIFIER,46371580,3.0,COVID
MODIFIER,46371792,3.0,COVID
MODIFIER,46372377,3.0,COVID
MODIFIER,46374652,5.0,COVID
MODIFIER,46375554,5.0,COVID
MODIFIER,46375656,5.0,COVID
MODIFIER,46375736,5.0,COVID
MODIFIER,46376168,5.0,COVID
MODIFIER,46377004,15.0,COVID
MODIFIER,46378308,5.0,COVID
MODIFIER,46381506,5.0,COVID
MODIFIER,46381771,5.0,COVID
MODIFIER,46382016,5.0,COVID
MODIFIER,46382461,5.0,COVID
MODIFIER,46382621,5.0,COVID
MODIFIER,46383611,5.0,COVID
MODIFIER,46384546,5.0,COVID
MODIFIER,46385160,5.0,COVID
MODIFIER,46385615,5.0,COVID
MODIFIER,46386131,5.0,COVID
MODIFIER,46386856,5.0,COVID
MODIFIER,46388699,5.0,COVID
MODIFIER,46389165,12.0,COVID
MODIFIER,46389546,12.0,COVID
MODIFIER,46389648,14.0,COVID
MODIFIER,46389744,14.0,COVID
MODIFIER,46389975,12.0,COVID
MODIFIER,46391647,12.0,COVID
MODIFIER,46392088,12.0,COVID
MODIFIER,46392130,16.0,COVID
MODIFIER,46392975,5.0,COVID
MODIFIER,46393462,9.0,COVID
MODIFIER,46395312,15.0,COVID
MODIFIER,46395929,13.0,COVID
MODIFIER,46398363,5.0,COVID
MODIFIER,46402430,12.0,COVID
MODIFIER,46402644,15.0,COVID
MODIFIER,46402733,15.0,COVID
MODIFIER,46403239,4.0,COVID
MODIFIER,46403467,13.0,COVID
MODIFIER,46403680,14.0,COVID
MODIFIER,46403960,5.0,COVID
MODIFIER,46408179,15.0,COVID
MODIFIER,46408694,15.0,COVID
MODIFIER,46413333,16.0,COVID
MODIFIER,46416215,14.0,COVID
MODIFIER,46420780,1.0,COVID
MODIFIER,46420798,1.0,COVID
MODIFIER,46422644,5.0,COVID
MODIFIER,46423665,5.0,COVID
MODIFIER,46424609,10.0,COVID
MODIFIER,46425959,5.0,COVID
MODIFIER,46426006,5.0,COVID
MODIFIER,46427036,5.0,COVID
MODIFIER,46430588,3.0,COVID
MODIFIER,46433242,4.0,COVID
MODIFIER,46433507,4.0,COVID
MODIFIER,46435291,9.0,COVID
MODIFIER,46436955,14.0,COVID
MODIFIER,46437399,14.0,COVID
MODIFIER,46438377,12.0,COVID
MODIFIER,46439845,6.0,COVID
MODIFIER,46440044,9.0,COVID
MODIFIER,46440071,9.0,COVID
MODIFIER,46441175,10.0,COVID
MODIFIER,46449390,12.0,COVID
MODIFIER,46450296,16.0,COVID
MODIFIER,46455540,5.0,COVID
MODIFIER,46463873,5.0,COVID
MODIFIER,46463883,5.0,COVID
MODIFIER,46464016,5.0,COVID
MODIFIER,46465355,5.0,COVID
MODIFIER,46468466,5.0,COVID
MODIFIER,46468698,3.0,COVID
MODIFIER,46468848,3.0,COVID
MODIFIER,46468860,3.0,COVID
MODIFIER,46468979,3.0,COVID
MODIFIER,46469383,3.0,COVID
MODIFIER,46470533,3.0,COVID
MODIFIER,46471738,5.0,COVID
MODIFIER,46471977,5.0,COVID
MODIFIER,46472574,3.0,COVID
MODIFIER,46474901,5.0,COVID
MODIFIER,46474991,5.0,COVID
MODIFIER,46475322,6.0,COVID
MODIFIER,46475405,5.0,COVID
MODIFIER,46476709,5.0,COVID
MODIFIER,46481304,5.0,COVID
MODIFIER,46483629,12.0,COVID
MODIFIER,46486291,13.0,COVID
MODIFIER,46487736,15.0,COVID
MODIFIER,46488245,16.0,COVID
MODIFIER,46493166,5.0,COVID
MODIFIER,46573674,12.0,COVID
MODIFIER,69056120,16.0,COVID
MODIFIER,71570459,5.0,COVID
MODIFIER,31120728,9.0,COVID
MODIFIER,31121231,10.0,COVID
MODIFIER,31121380,5.0,COVID
MODIFIER,31121425,5.0,COVID
MODIFIER,31121957,14.0,COVID
MODIFIER,33055354,5.0,COVID
MODIFIER,41497034,12.0,COVID
MODIFIER,41502682,15.0,COVID
MODIFIER,41505195,12.0,COVID
MODIFIER,36438708,16.0,COVID
MODIFIER,54647893,15.0,COVID
MODIFIER,10145762,9.0,COVID
MODIFIER,10253110,16.0,COVID
MODIFIER,11675010,2.0,COVID
MODIFIER,125336563,14.0,COVID
MODIFIER,125343072,16.0,COVID
MODIFIER,125365721,7.0,COVID
MODIFIER,125366132,2.0,COVID
MODIFIER,125376733,16.0,COVID
MODIFIER,23432331,10.0,COVID
MODIFIER,63355464,8.0,COVID
MODIFIER,63408371,11.0,COVID
MODIFIER,136132907,13.0,COVID
MODIFIER,136139264,6.0,COVID
MODIFIER,136141869,5.0,COVID
MODIFIER,136142354,5.0,COVID
MODIFIER,136143441,5.0,COVID
MODIFIER,136145239,5.0,COVID
MODIFIER,136145470,5.0,COVID
MODIFIER,136146045,5.0,COVID
MODIFIER,136146226,5.0,COVID
MODIFIER,136146596,5.0,COVID
MODIFIER,136146663,5.0,COVID
MODIFIER,136147159,5.0,COVID
MODIFIER,136149228,5.0,COVID
MODIFIER,136149398,5.0,COVID
MODIFIER,136149499,5.0,COVID
MODIFIER,136149829,5.0,COVID
MODIFIER,136154167,3.0,COVID
MODIFIER,136154866,5.0,COVID
MODIFIER,136154999,5.0,COVID
MODIFIER,3274740,14.0,COVID
MODIFIER,101006014,4.0,COVID
MODIFIER,101009288,11.0,COVID
HIGH,chr19:49409078-49409080,15.0,gnomad
LOW,chr1:1653027-1653029,16.0,gnomad
LOW,chr20:32678368-32678370,16.0,gnomad
LOW,chr5:176292687-176292689,16.0,gnomad
LOW,chr18:5290934-5290936,15.0,gnomad
LOW,chr15:69690140-69690142,5.0,gnomad
LOW,chr19:58189858-58189860,13.0,gnomad
LOW,chr8:72914477-72914479,5.0,gnomad
LOW,chr1:111144797-111144799,15.0,gnomad
LOW,chr19:35758165-35758167,16.0,gnomad
LOW,chr11:56143359-56143361,15.0,gnomad
MODERATE,chr4:96123987-96123989,16.0,gnomad
MODERATE,chr15:40676689-40676691,14.0,gnomad
MODERATE,chr9:21227924-21227926,16.0,gnomad
MODERATE,chr7:4901302-4901304,13.0,gnomad
MODERATE,chr4:169227760-169227762,16.0,gnomad
MODERATE,chrX:1467390-1467392,4.0,gnomad
MODERATE,chr11:64416355-64416357,16.0,gnomad
MODERATE,chr9:107651439-107651441,16.0,gnomad
MODERATE,chr19:52660207-52660209,14.0,gnomad
MODERATE,chr10:121662443-121662445,16.0,gnomad
MODERATE,chr2:27805202-27805204,11.0,gnomad
MODIFIER,chr1:245212293-245212295,3.0,gnomad
MODIFIER,chr10:114217942-114217944,10.0,gnomad
MODIFIER,chr4:155652157-155652159,5.0,gnomad
MODIFIER,chr2:224878809-224878811,8.0,gnomad
MODIFIER,chr11:27350077-27350079,12.0,gnomad
MODIFIER,chr3:159549499-159549501,5.0,gnomad
MODIFIER,chr21:22289984-22289986,7.0,gnomad
MODIFIER,chrX:74223459-74223461,6.0,gnomad
MODIFIER,chr9:83271837-83271839,1.0,gnomad
MODIFIER,chr7:36288508-36288510,16.0,gnomad
MODIFIER,chr8:144982394-144982396,5.0,gnomad
MODIFIER,chr8:104241837-104241839,16.0,gnomad
MODIFIER,chr10:98669810-98669812,13.0,gnomad
MODIFIER,chr19:50790390-50790392,8.0,gnomad
MODIFIER,chr1:157083099-157083101,12.0,gnomad
MODIFIER,chr13:103158460-103158462,11.0,gnomad
MODIFIER,chr5:99070768-99070770,5.0,gnomad
MODIFIER,chr4:166477686-166477688,6.0,gnomad
MODIFIER,chr1:90095782-90095784,14.0,gnomad
MODIFIER,chr10:96010026-96010028,4.0,gnomad
MODIFIER,chr14:20866677-20866679,7.0,gnomad
MODIFIER,chr7:36528746-36528748,5.0,gnomad
MODIFIER,chr7:4354303-4354305,4.0,gnomad
MODIFIER,chr5:172534958-172534960,5.0,gnomad
MODIFIER,chr16:71918173-71918175,15.0,gnomad
MODIFIER,chr5:118141994-118141996,15.0,gnomad
MODIFIER,chr2:176793963-176793965,16.0,gnomad
MODIFIER,chr16:27043736-27043738,5.0,gnomad
MODIFIER,chr22:45356909-45356911,5.0,gnomad
MODIFIER,chr15:99531991-99531993,5.0,gnomad
MODIFIER,chr7:119805039-119805041,5.0,gnomad
MODIFIER,chr3:109397771-109397773,14.0,gnomad
MODIFIER,chr19:28454595-28454597,16.0,gnomad
MODIFIER,chr8:50347129-50347131,4.0,gnomad
MODIFIER,chr2:47375429-47375431,5.0,gnomad
MODIFIER,chr13:76479499-76479501,16.0,gnomad
MODIFIER,chr6:12479227-12479229,8.0,gnomad
MODIFIER,chr4:159478092-159478094,5.0,gnomad
MODIFIER,chr1:168827829-168827831,5.0,gnomad
MODIFIER,chr6:12318255-12318257,13.0,gnomad
MODIFIER,chr4:116683253-116683255,11.0,gnomad
MODIFIER,chr15:23126458-23126460,5.0,gnomad
MODIFIER,chr4:44240108-44240110,12.0,gnomad
MODIFIER,chr6:157731721-157731723,2.0,gnomad
MODIFIER,chr12:30134646-30134648,13.0,gnomad
MODIFIER,chr5:94794589-94794591,14.0,gnomad
MODIFIER,chr14:87796392-87796394,12.0,gnomad
MODIFIER,chr13:77704983-77704985,15.0,gnomad
MODIFIER,chr11:65468562-65468564,2.0,gnomad
MODIFIER,chr11:27463390-27463392,15.0,gnomad
MODIFIER,chr8:19360150-19360152,12.0,gnomad
MODIFIER,chrX:151067371-151067373,5.0,gnomad
MODIFIER,chr9:16831374-16831376,16.0,gnomad
MODIFIER,chr3:85863201-85863203,4.0,gnomad
MODIFIER,chr12:11478760-11478762,11.0,gnomad
MODIFIER,chr19:23301509-23301511,2.0,gnomad
MODIFIER,chr7:83976926-83976928,5.0,gnomad
MODIFIER,chr8:41474055-41474057,5.0,gnomad
MODIFIER,chr7:155446223-155446225,7.0,gnomad
MODIFIER,chr18:31621857-31621859,15.0,gnomad
MODIFIER,chr8:43424271-43424273,1.0,gnomad
MODIFIER,chr8:33109601-33109603,5.0,gnomad
MODIFIER,chr12:38799429-38799431,5.0,gnomad
MODIFIER,chr3:94582494-94582496,4.0,gnomad
MODIFIER,chr21:27961860-27961862,11.0,gnomad
MODIFIER,chr17:58530047-58530049,4.0,gnomad
MODIFIER,chr18:13446127-13446129,15.0,gnomad
MODIFIER,chr17:67970554-67970556,11.0,gnomad
MODIFIER,chr12:77330402-77330404,5.0,gnomad
MODIFIER,chr15:59174428-59174430,15.0,gnomad
MODIFIER,chr3:80162437-80162439,5.0,gnomad
MODIFIER,chr9:121975272-121975274,16.0,gnomad
MODIFIER,chr10:38728393-38728395,4.0,gnomad
MODIFIER,chr13:76426203-76426205,12.0,gnomad
MODIFIER,chr20:59078795-59078797,5.0,gnomad
MODIFIER,chr9:86332869-86332871,5.0,gnomad
MODIFIER,chr14:45347799-45347801,5.0,gnomad
MODIFIER,chr10:100608664-100608666,7.0,gnomad
MODIFIER,chr1:52706854-52706856,5.0,gnomad
MODIFIER,chr20:40826210-40826212,16.0,gnomad
MODIFIER,chr6:129425383-129425385,5.0,gnomad
MODIFIER,chr12:133818177-133818179,9.0,gnomad
MODIFIER,chr5:174019907-174019909,10.0,gnomad
MODIFIER,chr11:950044-950046,2.0,gnomad
MODIFIER,chr4:183079373-183079375,16.0,gnomad
MODIFIER,chr22:23300886-23300888,13.0,gnomad
MODIFIER,chr19:18229263-18229265,12.0,gnomad
MODIFIER,chr17:58165820-58165822,16.0,gnomad
MODIFIER,chr20:6426043-6426045,4.0,gnomad
MODIFIER,chr4:149429482-149429484,1.0,gnomad
MODIFIER,chr10:97772990-97772992,16.0,gnomad
MODIFIER,chr3:85686786-85686788,1.0,gnomad
MODIFIER,chr20:33863608-33863610,16.0,gnomad
MODIFIER,chr4:108646390-108646392,5.0,gnomad
MODIFIER,chr16:7498859-7498861,14.0,gnomad
MODIFIER,chr18:23292568-23292570,5.0,gnomad
MODIFIER,chr22:43751235-43751237,1.0,gnomad
MODIFIER,chr12:91551016-91551018,15.0,gnomad
MODIFIER,chr13:87334238-87334240,4.0,gnomad
MODIFIER,chr1:63577508-63577510,12.0,gnomad
MODIFIER,chr8:71718182-71718184,5.0,gnomad
MODIFIER,chr9:4252642-4252644,2.0,gnomad
MODIFIER,chr6:83565069-83565071,2.0,gnomad
MODIFIER,chrX:94789814-94789816,5.0,gnomad
MODIFIER,chr3:14567939-14567941,9.0,gnomad
MODIFIER,chr5:32535226-32535228,11.0,gnomad
MODIFIER,chrX:106395208-106395210,5.0,gnomad
MODIFIER,chr17:35469935-35469937,14.0,gnomad
MODIFIER,chr16:9326136-9326138,5.0,gnomad
MODIFIER,chr15:24708376-24708378,5.0,gnomad
MODIFIER,chr21:24872596-24872598,4.0,gnomad
MODIFIER,chr2:7470410-7470412,5.0,gnomad
MODIFIER,chr18:45223289-45223291,4.0,gnomad
MODIFIER,chr11:130202161-130202163,4.0,gnomad
MODIFIER,chr12:93896394-93896396,12.0,gnomad
MODIFIER,chr5:83351067-83351069,4.0,gnomad
MODIFIER,chr22:28192285-28192287,15.0,gnomad
MODIFIER,chr2:102437139-102437141,7.0,gnomad
MODIFIER,chr2:172362834-172362836,10.0,gnomad
MODIFIER,chr4:3617194-3617196,5.0,gnomad
MODIFIER,chr22:26970594-26970596,12.0,gnomad
MODIFIER,chr1:152444662-152444664,2.0,gnomad
MODIFIER,chr14:67074774-67074776,5.0,gnomad
MODIFIER,chr16:826924-826926,4.0,gnomad
MODIFIER,chr17:26047691-26047693,4.0,gnomad
MODIFIER,chr1:20324317-20324319,3.0,gnomad
MODIFIER,chr4:78386102-78386104,16.0,gnomad
MODIFIER,chr13:106943402-106943404,10.0,gnomad
MODIFIER,chr11:102809397-102809399,14.0,gnomad
MODIFIER,chr17:15615223-15615225,5.0,gnomad
MODIFIER,chr10:22038800-22038802,10.0,gnomad
MODIFIER,chr14:92915932-92915934,12.0,gnomad
MODIFIER,chr4:123017698-123017700,4.0,gnomad
MODIFIER,chr3:11554156-11554158,4.0,gnomad
MODIFIER,chr3:63214899-63214901,12.0,gnomad
MODIFIER,chr13:60823289-60823291,2.0,gnomad
MODIFIER,chr10:37055482-37055484,16.0,gnomad
MODIFIER,chr21:19203331-19203333,7.0,gnomad
MODIFIER,chrX:112959057-112959059,5.0,gnomad
MODIFIER,chr4:161937759-161937761,9.0,gnomad
MODIFIER,chr12:28532402-28532404,5.0,gnomad
MODIFIER,chr18:50000607-50000609,15.0,gnomad
MODIFIER,chr11:42750254-42750256,5.0,gnomad
MODIFIER,chr12:131852866-131852868,4.0,gnomad
MODIFIER,chr22:24964527-24964529,5.0,gnomad
MODIFIER,chr2:120912418-120912420,2.0,gnomad
MODIFIER,chr4:134827882-134827884,5.0,gnomad
MODIFIER,chr1:230868405-230868407,5.0,gnomad
MODIFIER,chr11:49076409-49076411,11.0,gnomad
MODIFIER,chr5:123789499-123789501,14.0,gnomad
MODIFIER,chrX:992224-992226,4.0,gnomad
MODIFIER,chr3:196851488-196851490,5.0,gnomad
MODIFIER,chr9:77457576-77457578,4.0,gnomad
MODIFIER,chr20:37383883-37383885,13.0,gnomad
MODIFIER,chr9:139351572-139351574,4.0,gnomad
MODIFIER,chr7:80716251-80716253,5.0,gnomad
MODIFIER,chr5:171247044-171247046,5.0,gnomad
MODIFIER,chr1:203211174-203211176,5.0,gnomad
MODIFIER,chr4:18089129-18089131,4.0,gnomad
MODIFIER,chr3:119845434-119845436,10.0,gnomad
MODIFIER,chr14:80102578-80102580,14.0,gnomad
MODIFIER,chr8:3184458-3184460,5.0,gnomad
MODIFIER,chr13:85245702-85245704,12.0,gnomad
MODIFIER,chr2:209837910-209837912,6.0,gnomad
MODIFIER,chr3:56842441-56842443,5.0,gnomad
MODIFIER,chr7:99475713-99475715,2.0,gnomad
MODIFIER,chr5:14456973-14456975,14.0,gnomad
MODIFIER,chr13:66561529-66561531,4.0,gnomad
MODIFIER,chr5:158351010-158351012,16.0,gnomad
MODIFIER,chr8:106574979-106574981,12.0,gnomad
MODIFIER,chr4:178141332-178141334,12.0,gnomad
MODIFIER,chr7:104792994-104792996,12.0,gnomad
MODIFIER,chr16:79471445-79471447,12.0,gnomad
MODIFIER,chr4:94974682-94974684,4.0,gnomad
MODIFIER,chr12:48117631-48117633,15.0,gnomad
MODIFIER,chr7:15852143-15852145,4.0,gnomad
MODIFIER,chr17:8534060-8534062,14.0,gnomad
MODIFIER,chr18:67035058-67035060,15.0,gnomad
MODIFIER,chr19:42289989-42289991,4.0,gnomad
MODIFIER,chr5:70259872-70259874,5.0,gnomad
MODIFIER,chr6:83273906-83273908,2.0,gnomad
MODIFIER,chr6:118984552-118984554,15.0,gnomad
MODIFIER,chr7:64377337-64377339,5.0,gnomad
MODIFIER,chr2:195004592-195004594,4.0,gnomad
MODIFIER,chr9:11352783-11352785,16.0,gnomad
MODIFIER,chr16:87832130-87832132,4.0,gnomad
MODIFIER,chr12:60456153-60456155,12.0,gnomad
MODIFIER,chr5:8008223-8008225,5.0,gnomad
MODIFIER,chr1:6627605-6627607,2.0,gnomad
MODIFIER,chr2:18026804-18026806,7.0,gnomad
MODIFIER,chr11:3433697-3433699,3.0,gnomad
MODIFIER,chr16:5904409-5904411,5.0,gnomad
MODIFIER,chr2:175294489-175294491,9.0,gnomad
MODIFIER,chr2:80845683-80845685,12.0,gnomad
MODIFIER,chr11:73864398-73864400,5.0,gnomad
MODIFIER,chr2:66414606-66414608,5.0,gnomad
MODIFIER,chr6:97309711-97309713,16.0,gnomad
MODIFIER,chr1:159744000-159744002,15.0,gnomad
MODIFIER,chr16:32920733-32920735,4.0,gnomad
MODIFIER,chr22:18249205-18249207,2.0,gnomad
MODIFIER,chr4:131866941-131866943,11.0,gnomad
MODIFIER,chr10:86362942-86362944,5.0,gnomad
MODIFIER,chr22:29307037-29307039,15.0,gnomad
MODIFIER,chr8:130551917-130551919,14.0,gnomad
MODIFIER,chr1:232948895-232948897,11.0,gnomad
MODIFIER,chr3:101751385-101751387,14.0,gnomad
MODIFIER,chr8:59288604-59288606,2.0,gnomad
MODIFIER,chr5:134591025-134591027,13.0,gnomad
MODIFIER,chr6:44873147-44873149,4.0,gnomad
MODIFIER,chr13:114634477-114634479,5.0,gnomad
MODIFIER,chr6:37551895-37551897,5.0,gnomad
MODIFIER,chr9:116850899-116850901,16.0,gnomad
MODIFIER,chr1:169166008-169166010,12.0,gnomad
MODIFIER,chr22:32810264-32810266,16.0,gnomad
MODIFIER,chr15:63061210-63061212,12.0,gnomad
MODIFIER,chr3:25447180-25447182,9.0,gnomad
MODIFIER,chr17:44344912-44344914,15.0,gnomad
MODIFIER,chr16:15007450-15007452,14.0,gnomad
MODIFIER,chrX:119084251-119084253,4.0,gnomad
MODIFIER,chr18:66065773-66065775,3.0,gnomad
MODIFIER,chr4:25068027-25068029,12.0,gnomad
MODIFIER,chr6:44344032-44344034,16.0,gnomad
MODIFIER,chr3:143065474-143065476,5.0,gnomad
MODIFIER,chr14:23120600-23120602,7.0,gnomad
MODIFIER,chr15:36693992-36693994,16.0,gnomad
MODIFIER,chr6:94653441-94653443,13.0,gnomad
MODIFIER,chr2:158069297-158069299,13.0,gnomad
MODIFIER,chr4:88202964-88202966,4.0,gnomad
MODIFIER,chr7:17497473-17497475,7.0,gnomad
MODIFIER,chr12:63084161-63084163,14.0,gnomad
MODIFIER,chr7:76848022-76848024,5.0,gnomad
MODIFIER,chrX:41521859-41521861,5.0,gnomad
MODIFIER,chr8:69781447-69781449,10.0,gnomad
MODIFIER,chrX:38631877-38631879,5.0,gnomad
MODIFIER,chr3:52189574-52189576,6.0,gnomad
MODIFIER,chr4:55735869-55735871,5.0,gnomad
MODIFIER,chr18:32858724-32858726,10.0,gnomad
MODIFIER,chr22:47839835-47839837,5.0,gnomad
MODIFIER,chr17:15616878-15616880,12.0,gnomad
MODIFIER,chr6:114081425-114081427,5.0,gnomad
MODIFIER,chr10:15349478-15349480,4.0,gnomad
MODIFIER,chr17:39347996-39347998,5.0,gnomad
MODIFIER,chr10:83353024-83353026,5.0,gnomad
MODIFIER,chr12:66883243-66883245,4.0,gnomad
MODIFIER,chr3:62068076-62068078,10.0,gnomad
MODIFIER,chr14:62469640-62469642,5.0,gnomad
MODIFIER,chr8:69201696-69201698,15.0,gnomad
MODIFIER,chr5:117489572-117489574,16.0,gnomad
MODIFIER,chr20:15419901-15419903,16.0,gnomad
MODIFIER,chr2:101183195-101183197,4.0,gnomad
MODIFIER,chr18:27031682-27031684,8.0,gnomad
MODIFIER,chr9:8280949-8280951,16.0,gnomad
MODIFIER,chr13:31261797-31261799,5.0,gnomad
MODIFIER,chr17:25616651-25616653,5.0,gnomad
MODIFIER,chr20:19281141-19281143,14.0,gnomad
MODIFIER,chr6:55766343-55766345,10.0,gnomad
MODIFIER,chr11:44620225-44620227,11.0,gnomad
MODIFIER,chr3:116859953-116859955,16.0,gnomad
MODIFIER,chr3:94844568-94844570,9.0,gnomad
MODIFIER,chr7:76358551-76358553,2.0,gnomad
MODIFIER,chr14:41217727-41217729,14.0,gnomad
MODIFIER,chr16:70884985-70884987,5.0,gnomad
MODIFIER,chr12:14090484-14090486,16.0,gnomad
MODIFIER,chr14:53564851-53564853,10.0,gnomad
MODIFIER,chr16:75220087-75220089,5.0,gnomad
MODIFIER,chr18:71013924-71013926,12.0,gnomad
MODIFIER,chr4:80574054-80574056,16.0,gnomad
MODIFIER,chr20:42077072-42077074,3.0,gnomad
MODIFIER,chr11:41308265-41308267,14.0,gnomad
MODIFIER,chr14:63363458-63363460,16.0,gnomad
MODIFIER,chr2:200262887-200262889,15.0,gnomad
MODIFIER,chr9:83818439-83818441,15.0,gnomad
MODIFIER,chr1:208120317-208120319,14.0,gnomad
MODIFIER,chr12:84182462-84182464,2.0,gnomad
MODIFIER,chrX:81014325-81014327,4.0,gnomad
MODIFIER,chr3:27679030-27679032,11.0,gnomad
MODIFIER,chrX:12410243-12410245,4.0,gnomad
MODIFIER,chr5:56403060-56403062,8.0,gnomad
MODIFIER,chr17:19009416-19009418,4.0,gnomad
MODIFIER,chr21:37346156-37346158,13.0,gnomad
MODIFIER,chr4:828705-828707,5.0,gnomad
MODIFIER,chr12:34853978-34853980,1.0,gnomad
MODIFIER,chr20:6080861-6080863,9.0,gnomad
MODIFIER,chr5:129038637-129038639,1.0,gnomad
MODIFIER,chr14:20605925-20605927,10.0,gnomad
MODIFIER,chr20:19608576-19608578,5.0,gnomad
MODIFIER,chrX:62681434-62681436,5.0,gnomad
MODIFIER,chr9:38935239-38935241,4.0,gnomad
MODIFIER,chr9:137838970-137838972,5.0,gnomad
MODIFIER,chr11:26716945-26716947,15.0,gnomad
MODIFIER,chr11:67470201-67470203,3.0,gnomad
MODIFIER,chr5:46240877-46240879,1.0,gnomad
MODIFIER,chr5:79463090-79463092,5.0,gnomad
MODIFIER,chr2:238486849-238486851,12.0,gnomad
MODIFIER,chr16:25633297-25633299,16.0,gnomad
MODIFIER,chr9:3224745-3224747,15.0,gnomad
MODIFIER,chr17:60260463-60260465,4.0,gnomad
MODIFIER,chr20:29500137-29500139,3.0,gnomad
MODIFIER,chr14:45330931-45330933,16.0,gnomad
MODIFIER,chr18:40792483-40792485,9.0,gnomad
MODIFIER,chr1:55392957-55392959,5.0,gnomad
MODIFIER,chr9:23243302-23243304,5.0,gnomad
MODIFIER,chr18:64376622-64376624,4.0,gnomad
MODIFIER,chr19:36912520-36912522,15.0,gnomad
MODIFIER,chr4:169227760-169227762,16.0,gnomad
MODIFIER,chr5:176292687-176292689,16.0,gnomad
MODIFIER,chr18:5290934-5290936,15.0,gnomad
MODIFIER,chr7:4901302-4901304,13.0,gnomad
MODIFIER,chr19:58189858-58189860,13.0,gnomad
MODIFIER,chr14:21956330-21956332,14.0,gnomad
MODIFIER,chr9:21227924-21227926,16.0,gnomad
MODIFIER,chr9:107651439-107651441,16.0,gnomad
MODIFIER,chr8:72914477-72914479,5.0,gnomad
MODIFIER,chr20:32678368-32678370,16.0,gnomad
MODIFIER,chr11:64416355-64416357,16.0,gnomad
MODIFIER,chr1:111144797-111144799,15.0,gnomad
MODIFIER,chr19:52660207-52660209,14.0,gnomad
MODIFIER,chr19:35758165-35758167,16.0,gnomad
MODIFIER,chr19:49409078-49409080,15.0,gnomad
MODIFIER,chr1:1653027-1653029,16.0,gnomad
MODIFIER,chr10:121662443-121662445,16.0,gnomad
MODIFIER,chr15:69690140-69690142,5.0,gnomad
MODIFIER,chr2:27805202-27805204,11.0,gnomad
MODIFIER,chrX:1467390-1467392,4.0,gnomad
MODIFIER,chr8:78587433-78587435,5.0,gnomad
MODIFIER,chr4:189550526-189550528,5.0,gnomad
MODIFIER,chr16:74576449-74576451,4.0,gnomad
MODIFIER,chr6:68297513-68297515,5.0,gnomad
MODIFIER,chr1:86664634-86664636,12.0,gnomad
MODIFIER,chr4:137283139-137283141,2.0,gnomad
MODIFIER,chr17:19850643-19850645,15.0,gnomad
MODIFIER,chr19:52172446-52172448,5.0,gnomad
MODIFIER,chr2:174396527-174396529,3.0,gnomad
MODIFIER,chr10:119748484-119748486,10.0,gnomad
MODIFIER,chr15:93576437-93576439,12.0,gnomad
MODIFIER,chr20:59698015-59698017,12.0,gnomad
MODIFIER,chr14:62778338-62778340,13.0,gnomad
MODIFIER,chr10:66536022-66536024,9.0,gnomad
MODIFIER,chr4:63351838-63351840,16.0,gnomad
MODIFIER,chr13:81741730-81741732,16.0,gnomad
MODIFIER,chr5:65273748-65273750,1.0,gnomad
MODIFIER,chr4:12296272-12296274,4.0,gnomad
MODIFIER,chr6:92947513-92947515,5.0,gnomad
MODIFIER,chr12:6007294-6007296,11.0,gnomad
MODIFIER,chr14:104372187-104372189,4.0,gnomad
MODIFIER,chr2:241674318-241674320,13.0,gnomad
MODIFIER,chr7:101996093-101996095,2.0,gnomad
MODIFIER,chr18:33553238-33553240,10.0,gnomad
MODIFIER,chr20:25497482-25497484,4.0,gnomad
MODIFIER,chr17:34811717-34811719,6.0,gnomad
MODIFIER,chrX:130971529-130971531,5.0,gnomad
MODIFIER,chr6:43551226-43551228,13.0,gnomad
MODIFIER,chr10:46964215-46964217,5.0,gnomad
MODIFIER,chr13:79557731-79557733,14.0,gnomad
MODIFIER,chr1:198268029-198268031,16.0,gnomad
MODIFIER,chr16:5715626-5715628,14.0,gnomad
MODIFIER,chr5:74351225-74351227,4.0,gnomad
MODIFIER,chr7:90178758-90178760,5.0,gnomad
MODIFIER,chr2:100405556-100405558,5.0,gnomad
MODIFIER,chr7:38167293-38167295,16.0,gnomad
MODIFIER,chr8:135745408-135745410,13.0,gnomad
MODIFIER,chr19:54853473-54853475,4.0,gnomad
MODIFIER,chr4:82619557-82619559,15.0,gnomad
MODIFIER,chr7:69910537-69910539,12.0,gnomad
MODIFIER,chr18:38002399-38002401,15.0,gnomad
MODIFIER,chr22:37609856-37609858,15.0,gnomad
MODIFIER,chr19:14577473-14577475,5.0,gnomad
MODIFIER,chr5:76906630-76906632,2.0,gnomad
MODIFIER,chr8:20898673-20898675,16.0,gnomad
MODIFIER,chr4:72428311-72428313,5.0,gnomad
MODIFIER,chr1:146525239-146525241,16.0,gnomad
MODIFIER,chr6:42421384-42421386,16.0,gnomad
MODIFIER,chr6:9925522-9925524,13.0,gnomad
MODIFIER,chr15:46810187-46810189,5.0,gnomad
MODIFIER,chr15:84883899-84883901,2.0,gnomad
MODIFIER,chr9:136493330-136493332,5.0,gnomad
MODIFIER,chrX:57607956-57607958,11.0,gnomad
MODIFIER,chr5:79595654-79595656,5.0,gnomad
MODIFIER,chr2:172470445-172470447,5.0,gnomad
MODIFIER,chr19:47257246-47257248,10.0,gnomad
MODIFIER,chrX:124961662-124961664,4.0,gnomad
MODIFIER,chr2:202751358-202751360,15.0,gnomad
MODIFIER,chr11:44362599-44362601,15.0,gnomad
MODIFIER,chr11:130328096-130328098,16.0,gnomad
MODIFIER,chr1:52751610-52751612,5.0,gnomad
MODIFIER,chr6:128454273-128454275,11.0,gnomad
MODIFIER,chr14:78511294-78511296,5.0,gnomad
MODIFIER,chr7:114500045-114500047,16.0,gnomad
MODIFIER,chr1:197034255-197034257,5.0,gnomad
MODIFIER,chr2:136306071-136306073,5.0,gnomad
MODIFIER,chr5:18504531-18504533,4.0,gnomad
MODIFIER,chr1:239055451-239055453,4.0,gnomad
MODIFIER,chr18:13283909-13283911,5.0,gnomad
MODIFIER,chr10:21125441-21125443,5.0,gnomad
MODIFIER,chr5:148180777-148180779,10.0,gnomad
MODIFIER,chr6:79119542-79119544,4.0,gnomad
MODIFIER,chr3:42949765-42949767,11.0,gnomad
MODIFIER,chr4:28966783-28966785,14.0,gnomad
MODIFIER,chr2:46066742-46066744,15.0,gnomad
MODIFIER,chr17:27015013-27015015,15.0,gnomad
MODIFIER,chr3:69864427-69864429,5.0,gnomad
MODIFIER,chr2:167027916-167027918,13.0,gnomad
MODIFIER,chr12:71638262-71638264,15.0,gnomad
MODIFIER,chrX:12211909-12211911,1.0,gnomad
MODIFIER,chr8:129252642-129252644,4.0,gnomad
MODIFIER,chr2:88955334-88955336,10.0,gnomad
MODIFIER,chr8:85916915-85916917,2.0,gnomad
MODIFIER,chr16:23307553-23307555,12.0,gnomad
MODIFIER,chr13:86165099-86165101,5.0,gnomad
MODIFIER,chr3:146519136-146519138,12.0,gnomad
MODIFIER,chr4:159415332-159415334,3.0,gnomad
MODIFIER,chr2:59678014-59678016,5.0,gnomad
MODIFIER,chr5:57111252-57111254,14.0,gnomad
MODIFIER,chr3:190767049-190767051,5.0,gnomad
MODIFIER,chr3:62437859-62437861,11.0,gnomad
MODIFIER,chr15:43114088-43114090,4.0,gnomad
MODIFIER,chr5:179789495-179789497,5.0,gnomad
MODIFIER,chr7:75300231-75300233,5.0,gnomad
MODIFIER,chr10:99209784-99209786,5.0,gnomad
MODIFIER,chr11:23881059-23881061,4.0,gnomad
MODIFIER,chr1:85839743-85839745,12.0,gnomad
MODIFIER,chr7:101509579-101509581,5.0,gnomad
MODIFIER,chr7:48157442-48157444,5.0,gnomad
MODIFIER,chr1:208073410-208073412,14.0,gnomad
MODIFIER,chr14:86075691-86075693,4.0,gnomad
MODIFIER,chr1:232413410-232413412,9.0,gnomad
MODIFIER,chr2:44098160-44098162,5.0,gnomad
MODIFIER,chr4:52767851-52767853,16.0,gnomad
MODIFIER,chr5:76845152-76845154,5.0,gnomad
MODIFIER,chr16:65324715-65324717,12.0,gnomad
MODIFIER,chr2:31042684-31042686,3.0,gnomad
MODIFIER,chr2:88136906-88136908,5.0,gnomad
MODIFIER,chr7:126793325-126793327,16.0,gnomad
MODIFIER,chr5:180295236-180295238,5.0,gnomad
MODIFIER,chr2:196071910-196071912,16.0,gnomad
MODIFIER,chr1:31673839-31673841,5.0,gnomad
MODIFIER,chr22:50169482-50169484,2.0,gnomad
MODIFIER,chr7:100842437-100842439,4.0,gnomad
MODIFIER,chr21:15924023-15924025,10.0,gnomad
MODIFIER,chr1:86169858-86169860,12.0,gnomad
MODIFIER,chr4:6884386-6884388,13.0,gnomad
MODIFIER,chr7:30107831-30107833,5.0,gnomad
MODIFIER,chr2:222404885-222404887,5.0,gnomad
MODIFIER,chr8:69732017-69732019,15.0,gnomad
MODIFIER,chr10:11723535-11723537,14.0,gnomad
MODIFIER,chr6:14262804-14262806,12.0,gnomad
MODIFIER,chr8:129555219-129555221,16.0,gnomad
MODIFIER,chr11:61322425-61322427,14.0,gnomad
MODIFIER,chr3:64291689-64291691,16.0,gnomad
MODIFIER,chr1:225479423-225479425,2.0,gnomad
MODIFIER,chrX:37423550-37423552,15.0,gnomad
MODIFIER,chr3:171288718-171288720,4.0,gnomad
MODIFIER,chr2:159725069-159725071,2.0,gnomad
MODIFIER,chr5:132331066-132331068,5.0,gnomad
MODIFIER,chr19:34076432-34076434,13.0,gnomad
MODIFIER,chr3:46976816-46976818,16.0,gnomad
MODIFIER,chr2:111064340-111064342,2.0,gnomad
MODIFIER,chr10:89709889-89709891,1.0,gnomad
MODIFIER,chr2:195864991-195864993,9.0,gnomad
MODIFIER,chr8:118591706-118591708,11.0,gnomad
MODIFIER,chr11:94649804-94649806,9.0,gnomad
MODIFIER,chr2:142603309-142603311,10.0,gnomad
MODIFIER,chr7:19865255-19865257,2.0,gnomad
MODIFIER,chr5:107125093-107125095,4.0,gnomad
MODIFIER,chr9:99430826-99430828,5.0,gnomad
MODIFIER,chr2:131502721-131502723,5.0,gnomad
MODIFIER,chr9:2470115-2470117,15.0,gnomad
MODIFIER,chr3:57891198-57891200,5.0,gnomad
MODIFIER,chr18:22747051-22747053,16.0,gnomad
MODIFIER,chr1:80800807-80800809,4.0,gnomad
MODIFIER,chr1:95589981-95589983,16.0,gnomad
MODIFIER,chr19:13701137-13701139,8.0,gnomad
MODIFIER,chr2:118288240-118288242,1.0,gnomad
MODIFIER,chrX:1487054-1487056,3.0,gnomad
MODIFIER,chr4:10318959-10318961,10.0,gnomad
MODIFIER,chr18:73548688-73548690,10.0,gnomad
MODIFIER,chr16:7901843-7901845,15.0,gnomad
MODIFIER,chr1:220659049-220659051,15.0,gnomad
MODIFIER,chr1:244283861-244283863,12.0,gnomad
MODIFIER,chr3:19597311-19597313,11.0,gnomad
MODIFIER,chr2:166611778-166611780,14.0,gnomad
MODIFIER,chr2:218160239-218160241,5.0,gnomad
MODIFIER,chr3:177986117-177986119,11.0,gnomad
MODIFIER,chr3:66094372-66094374,9.0,gnomad
MODIFIER,chr4:31075880-31075882,16.0,gnomad
MODIFIER,chr5:29131915-29131917,14.0,gnomad
MODIFIER,chr5:10529546-10529548,4.0,gnomad
MODIFIER,chrX:3738048-3738050,5.0,gnomad
MODIFIER,chr6:121917894-121917896,5.0,gnomad
MODIFIER,chr22:31522727-31522729,14.0,gnomad
MODIFIER,chr3:97876175-97876177,3.0,gnomad
MODIFIER,chr6:141662108-141662110,5.0,gnomad
MODIFIER,chr6:126496803-126496805,14.0,gnomad
MODIFIER,chr2:182493155-182493157,14.0,gnomad
MODIFIER,chr15:102186319-102186321,11.0,gnomad
MODIFIER,chr11:17959123-17959125,16.0,gnomad
MODIFIER,chr4:28458082-28458084,5.0,gnomad
MODIFIER,chr7:157774841-157774843,1.0,gnomad
MODIFIER,chr12:93539697-93539699,4.0,gnomad
MODIFIER,chr8:17454368-17454370,13.0,gnomad
MODIFIER,chr4:105525814-105525816,5.0,gnomad
MODIFIER,chr8:101361129-101361131,15.0,gnomad
MODIFIER,chr17:12955112-12955114,15.0,gnomad
MODIFIER,chr10:82631592-82631594,2.0,gnomad
MODIFIER,chr7:4992675-4992677,5.0,gnomad
MODIFIER,chr5:94699765-94699767,5.0,gnomad
MODIFIER,chr2:160822948-160822950,14.0,gnomad
MODIFIER,chr3:194577074-194577076,16.0,gnomad
MODIFIER,chr10:5162659-5162661,5.0,gnomad
MODIFIER,chr2:123352265-123352267,12.0,gnomad
MODIFIER,chr6:63356749-63356751,5.0,gnomad
MODIFIER,chr1:145273569-145273571,16.0,gnomad
MODIFIER,chr11:99876182-99876184,10.0,gnomad
MODIFIER,chr7:50971766-50971768,2.0,gnomad
MODIFIER,chr18:31443813-31443815,5.0,gnomad
MODIFIER,chr5:49984865-49984867,3.0,gnomad
MODIFIER,chr7:79553733-79553735,11.0,gnomad
MODIFIER,chr12:43660174-43660176,9.0,gnomad
MODIFIER,chr7:153885032-153885034,16.0,gnomad
MODIFIER,chr8:109931443-109931445,4.0,gnomad
MODIFIER,chr10:37450486-37450488,3.0,gnomad
MODIFIER,chr5:134663196-134663198,16.0,gnomad
MODIFIER,chr11:59943438-59943440,9.0,gnomad
MODIFIER,chr3:4957613-4957615,4.0,gnomad
MODIFIER,chr19:55016228-55016230,5.0,gnomad
MODIFIER,chr3:39616876-39616878,16.0,gnomad
MODIFIER,chr1:162993845-162993847,5.0,gnomad
MODIFIER,chr16:15120637-15120639,15.0,gnomad
MODIFIER,chr20:22906573-22906575,12.0,gnomad
MODIFIER,chr6:50633805-50633807,5.0,gnomad
MODIFIER,chr3:135920686-135920688,5.0,gnomad
MODIFIER,chr1:235766496-235766498,4.0,gnomad
MODIFIER,chr12:3691527-3691529,15.0,gnomad
MODIFIER,chr1:171448760-171448762,4.0,gnomad
MODIFIER,chr5:20194449-20194451,16.0,gnomad
MODIFIER,chrX:19465957-19465959,1.0,gnomad
MODIFIER,chr22:36714157-36714159,13.0,gnomad
MODIFIER,chr12:21595052-21595054,5.0,gnomad
MODIFIER,chr15:49398633-49398635,9.0,gnomad
MODIFIER,chr20:49277505-49277507,4.0,gnomad
MODIFIER,chr14:20139771-20139773,5.0,gnomad
MODIFIER,chr16:2357341-2357343,5.0,gnomad
MODIFIER,chr1:27371936-27371938,10.0,gnomad
MODIFIER,chr4:101489633-101489635,4.0,gnomad
MODIFIER,chr8:47097726-47097728,1.0,gnomad
MODIFIER,chr19:43290519-43290521,5.0,gnomad
MODIFIER,chr3:42756029-42756031,15.0,gnomad
MODIFIER,chr3:126402952-126402954,13.0,gnomad
MODIFIER,chr1:235852913-235852915,5.0,gnomad
MODIFIER,chr18:18661338-18661340,4.0,gnomad
MODIFIER,chr2:103174858-103174860,4.0,gnomad
MODIFIER,chr15:44737292-44737294,4.0,gnomad
MODIFIER,chr3:97206489-97206491,15.0,gnomad
MODIFIER,chr9:68197176-68197178,5.0,gnomad
MODIFIER,chr5:119552849-119552851,5.0,gnomad
MODIFIER,chr1:172482895-172482897,16.0,gnomad
MODIFIER,chr10:25392902-25392904,5.0,gnomad
MODIFIER,chr17:5633472-5633474,6.0,gnomad
MODIFIER,chr12:7486477-7486479,4.0,gnomad
MODIFIER,chr19:57576487-57576489,5.0,gnomad
MODIFIER,chr10:87250330-87250332,5.0,gnomad
MODIFIER,chr1:57634868-57634870,15.0,gnomad
MODIFIER,chr14:74857361-74857363,5.0,gnomad
MODIFIER,chr18:37523804-37523806,13.0,gnomad
MODIFIER,chr13:98495144-98495146,8.0,gnomad
MODIFIER,chr14:85647741-85647743,14.0,gnomad
MODIFIER,chr5:69088337-69088339,14.0,gnomad
MODIFIER,chr5:86612628-86612630,5.0,gnomad
MODIFIER,chrX:39268700-39268702,15.0,gnomad
MODIFIER,chr7:119571487-119571489,10.0,gnomad
MODIFIER,chr10:58137323-58137325,5.0,gnomad
MODIFIER,chr3:196422572-196422574,4.0,gnomad
MODIFIER,chr1:102419794-102419796,15.0,gnomad
MODIFIER,chr7:20183426-20183428,15.0,gnomad
MODIFIER,chr10:37617739-37617741,3.0,gnomad
MODIFIER,chr3:14445181-14445183,2.0,gnomad
MODIFIER,chr3:114459876-114459878,16.0,gnomad
MODIFIER,chr7:15205241-15205243,6.0,gnomad
MODIFIER,chr3:73259804-73259806,16.0,gnomad
MODIFIER,chr17:65199761-65199763,13.0,gnomad
MODIFIER,chr4:132310137-132310139,5.0,gnomad
MODIFIER,chr17:10601035-10601037,14.0,gnomad
MODIFIER,chr5:10368337-10368339,10.0,gnomad
MODIFIER,chr8:140882562-140882564,11.0,gnomad
MODIFIER,chr11:79091052-79091054,12.0,gnomad
MODIFIER,chr4:121421903-121421905,12.0,gnomad
MODIFIER,chr11:91014690-91014692,13.0,gnomad
MODIFIER,chr15:101757922-101757924,15.0,gnomad
MODIFIER,chr21:24380789-24380791,5.0,gnomad
MODIFIER,chr10:10489860-10489862,5.0,gnomad
MODIFIER,chr1:104217796-104217798,4.0,gnomad
MODIFIER,chr7:46397163-46397165,8.0,gnomad
MODIFIER,chr21:34830819-34830821,7.0,gnomad
MODIFIER,chrX:83705488-83705490,5.0,gnomad
MODIFIER,chr4:60793768-60793770,5.0,gnomad
MODIFIER,chr15:92888802-92888804,15.0,gnomad
MODIFIER,chr6:119338578-119338580,2.0,gnomad
MODIFIER,chr18:4768161-4768163,9.0,gnomad
MODIFIER,chr3:180167086-180167088,3.0,gnomad
MODIFIER,chr5:29079798-29079800,7.0,gnomad
MODIFIER,chr10:124476408-124476410,6.0,gnomad
MODIFIER,chr3:94326548-94326550,11.0,gnomad
MODIFIER,chr9:97643868-97643870,5.0,gnomad
MODIFIER,chr7:99682437-99682439,5.0,gnomad
MODIFIER,chr8:117009398-117009400,16.0,gnomad
MODIFIER,chr14:65176509-65176511,15.0,gnomad
MODIFIER,chr6:140834467-140834469,5.0,gnomad
MODIFIER,chr15:57553859-57553861,13.0,gnomad
MODIFIER,chr19:45952147-45952149,15.0,gnomad
MODIFIER,chrX:99062473-99062475,4.0,gnomad
MODIFIER,chr15:20591721-20591723,10.0,gnomad
MODIFIER,chr12:87053702-87053704,13.0,gnomad
MODIFIER,chr8:111326006-111326008,13.0,gnomad
MODIFIER,chr10:133643093-133643095,8.0,gnomad
MODIFIER,chr9:127335655-127335657,5.0,gnomad
MODIFIER,chr2:82717858-82717860,5.0,gnomad
MODIFIER,chr1:94526970-94526972,16.0,gnomad
MODIFIER,chr12:111453821-111453823,5.0,gnomad
MODIFIER,chr4:58452074-58452076,5.0,gnomad
MODIFIER,chr1:240945138-240945140,5.0,gnomad
MODIFIER,chr3:12375087-12375089,15.0,gnomad
MODIFIER,chr7:149371830-149371832,5.0,gnomad
MODIFIER,chr7:118823482-118823484,11.0,gnomad
MODIFIER,chr6:158746078-158746080,5.0,gnomad
MODIFIER,chr14:19723512-19723514,12.0,gnomad
MODIFIER,chr10:14844544-14844546,15.0,gnomad
MODIFIER,chr7:58044672-58044674,1.0,gnomad
MODIFIER,chr3:189579718-189579720,16.0,gnomad
MODIFIER,chr1:5581072-5581074,5.0,gnomad
MODIFIER,chr9:7062483-7062485,5.0,gnomad
MODIFIER,chr4:30734058-30734060,16.0,gnomad
MODIFIER,chr16:29438881-29438883,5.0,gnomad
MODIFIER,chr7:84416373-84416375,14.0,gnomad
MODIFIER,chr1:13998478-13998480,4.0,gnomad
MODIFIER,chr7:25734136-25734138,13.0,gnomad
MODIFIER,chr16:34560712-34560714,3.0,gnomad
MODIFIER,chr8:105527164-105527166,14.0,gnomad
MODIFIER,chr1:104460044-104460046,5.0,gnomad
MODIFIER,chr4:93617010-93617012,11.0,gnomad
MODIFIER,chr3:11824035-11824037,8.0,gnomad
MODIFIER,chr8:52013914-52013916,7.0,gnomad
MODIFIER,chr5:45807343-45807345,3.0,gnomad
MODIFIER,chr1:63190412-63190414,16.0,gnomad
MODIFIER,chr13:81676650-81676652,2.0,gnomad
MODIFIER,chr20:61054255-61054257,8.0,gnomad
MODIFIER,chr6:22450842-22450844,13.0,gnomad
MODIFIER,chr12:66983694-66983696,15.0,gnomad
MODIFIER,chr6:121072753-121072755,2.0,gnomad
MODIFIER,chr19:30522406-30522408,4.0,gnomad
MODIFIER,chr5:123190667-123190669,14.0,gnomad
MODIFIER,chr2:8594313-8594315,15.0,gnomad
MODIFIER,chr3:81299678-81299680,1.0,gnomad
MODIFIER,chr4:62329756-62329758,15.0,gnomad
MODIFIER,chr5:178803551-178803553,2.0,gnomad
MODIFIER,chr11:56069226-56069228,3.0,gnomad
MODIFIER,chr17:16935315-16935317,5.0,gnomad
MODIFIER,chr3:62019217-62019219,4.0,gnomad
MODIFIER,chr7:62373565-62373567,1.0,gnomad
MODIFIER,chr5:87323412-87323414,10.0,gnomad
MODIFIER,chr8:107879601-107879603,5.0,gnomad
MODIFIER,chr6:85121954-85121956,16.0,gnomad
MODIFIER,chr13:55025387-55025389,16.0,gnomad
MODIFIER,chr8:36573230-36573232,2.0,gnomad
MODIFIER,chr11:21594527-21594529,16.0,gnomad
MODIFIER,chr18:32134163-32134165,2.0,gnomad
MODIFIER,chr5:20134378-20134380,5.0,gnomad
MODIFIER,chr7:32180954-32180956,5.0,gnomad
MODIFIER,chr1:148804448-148804450,12.0,gnomad
MODIFIER,chr6:148321060-148321062,10.0,gnomad
MODIFIER,chr7:47504626-47504628,9.0,gnomad
MODIFIER,chr4:32626349-32626351,11.0,gnomad
MODIFIER,chr5:64780089-64780091,13.0,gnomad
MODIFIER,chr14:26651444-26651446,16.0,gnomad
MODIFIER,chr1:3359092-3359094,8.0,gnomad
MODIFIER,chr3:119238563-119238565,5.0,gnomad
MODIFIER,chr5:44717971-44717973,10.0,gnomad
MODIFIER,chr11:55825095-55825097,3.0,gnomad
MODIFIER,chr9:136085224-136085226,4.0,gnomad
MODIFIER,chr8:139883643-139883645,12.0,gnomad
MODIFIER,chr4:40324082-40324084,15.0,gnomad
MODIFIER,chr11:116448899-116448901,16.0,gnomad
MODIFIER,chr2:774113-774115,3.0,gnomad
MODIFIER,chr1:11492676-11492678,5.0,gnomad
MODIFIER,chr16:10796046-10796048,2.0,gnomad
MODIFIER,chr5:127313409-127313411,3.0,gnomad
MODIFIER,chrX:113955728-113955730,1.0,gnomad
MODIFIER,chr3:75509296-75509298,4.0,gnomad
MODIFIER,chr2:229388873-229388875,5.0,gnomad
MODIFIER,chr7:7436667-7436669,15.0,gnomad
MODIFIER,chr16:73403197-73403199,16.0,gnomad
MODIFIER,chr10:2078545-2078547,9.0,gnomad
MODIFIER,chr7:92991834-92991836,13.0,gnomad
MODIFIER,chr6:76104011-76104013,15.0,gnomad
MODIFIER,chr18:6098627-6098629,16.0,gnomad
MODIFIER,chr2:193288300-193288302,12.0,gnomad
MODIFIER,chr3:196928876-196928878,5.0,gnomad
MODIFIER,chr5:102855622-102855624,16.0,gnomad
MODIFIER,chr2:25770651-25770653,5.0,gnomad
MODIFIER,chr3:56333941-56333943,15.0,gnomad
MODIFIER,chr11:50349147-50349149,2.0,gnomad
MODIFIER,chr4:103713145-103713147,11.0,gnomad
MODIFIER,chr12:30752991-30752993,16.0,gnomad
MODIFIER,chr6:36775948-36775950,4.0,gnomad
MODIFIER,chr7:49136715-49136717,4.0,gnomad
MODIFIER,chr6:130591323-130591325,5.0,gnomad
MODIFIER,chr7:137570731-137570733,10.0,gnomad
MODIFIER,chr9:40748773-40748775,5.0,gnomad
MODIFIER,chr18:63290891-63290893,11.0,gnomad
MODIFIER,chr22:49825056-49825058,4.0,gnomad
MODIFIER,chr3:118100211-118100213,6.0,gnomad
MODIFIER,chr13:42090655-42090657,9.0,gnomad
MODIFIER,chr2:219590306-219590308,5.0,gnomad
MODIFIER,chr2:181390224-181390226,5.0,gnomad
MODIFIER,chr1:177261060-177261062,15.0,gnomad
MODIFIER,chr3:109431443-109431445,15.0,gnomad
MODIFIER,chr14:32100076-32100078,4.0,gnomad
MODIFIER,chr20:13223955-13223957,10.0,gnomad
MODIFIER,chr5:92200277-92200279,16.0,gnomad
MODIFIER,chr2:17434017-17434019,5.0,gnomad
MODIFIER,chr5:44292257-44292259,13.0,gnomad
MODIFIER,chr3:169110018-169110020,16.0,gnomad
MODIFIER,chr8:72125666-72125668,12.0,gnomad
MODIFIER,chr13:32444060-32444062,11.0,gnomad
MODIFIER,chr3:145154564-145154566,5.0,gnomad
MODIFIER,chr10:38526111-38526113,5.0,gnomad
MODIFIER,chr2:177146588-177146590,8.0,gnomad
MODIFIER,chr11:17784595-17784597,14.0,gnomad
MODIFIER,chr2:214612393-214612395,5.0,gnomad
MODIFIER,chr10:109326208-109326210,5.0,gnomad
MODIFIER,chr15:69322558-69322560,11.0,gnomad
MODIFIER,chr11:67788301-67788303,7.0,gnomad
MODIFIER,chr10:111910305-111910307,13.0,gnomad
MODIFIER,chrX:102609951-102609953,8.0,gnomad
MODIFIER,chr2:21118011-21118013,16.0,gnomad
MODIFIER,chr7:61093628-61093630,1.0,gnomad
MODIFIER,chr15:45987569-45987571,14.0,gnomad
MODIFIER,chr14:105485262-105485264,5.0,gnomad
MODIFIER,chr10:66807645-66807647,11.0,gnomad
MODIFIER,chr3:187402387-187402389,10.0,gnomad
MODIFIER,chr1:233861882-233861884,5.0,gnomad
MODIFIER,chr12:98172281-98172283,13.0,gnomad
MODIFIER,chr4:4473166-4473168,14.0,gnomad
MODIFIER,chr14:59284020-59284022,5.0,gnomad
MODIFIER,chr21:28911770-28911772,5.0,gnomad
MODIFIER,chr14:61333491-61333493,12.0,gnomad
MODIFIER,chr8:119481077-119481079,15.0,gnomad
MODIFIER,chr11:99744752-99744754,5.0,gnomad
MODIFIER,chr10:133743806-133743808,4.0,gnomad
MODIFIER,chr8:144090257-144090259,5.0,gnomad
MODIFIER,chr7:34096449-34096451,5.0,gnomad
MODIFIER,chr5:49452640-49452642,1.0,gnomad
MODIFIER,chr5:156417784-156417786,5.0,gnomad
MODIFIER,chr12:94682916-94682918,15.0,gnomad
MODIFIER,chr2:209617638-209617640,13.0,gnomad
MODIFIER,chr2:117892432-117892434,3.0,gnomad
MODIFIER,chr16:47090046-47090048,9.0,gnomad
MODIFIER,chr11:51208117-51208119,1.0,gnomad
MODIFIER,chr7:132142842-132142844,15.0,gnomad
MODIFIER,chr4:154880742-154880744,10.0,gnomad
MODIFIER,chr8:114088706-114088708,11.0,gnomad
MODIFIER,chr17:65224594-65224596,5.0,gnomad
MODIFIER,chr12:28445223-28445225,5.0,gnomad
MODIFIER,chr1:23875245-23875247,16.0,gnomad
MODIFIER,chr4:16052716-16052718,12.0,gnomad
MODIFIER,chr5:24893137-24893139,5.0,gnomad
MODIFIER,chr6:99227694-99227696,12.0,gnomad
MODIFIER,chr15:40517006-40517008,11.0,gnomad
MODIFIER,chr15:81283854-81283856,16.0,gnomad
MODIFIER,chr7:37806223-37806225,5.0,gnomad
MODIFIER,chr4:130133986-130133988,11.0,gnomad
MODIFIER,chr8:103772182-103772184,4.0,gnomad
MODIFIER,chr14:47605127-47605129,5.0,gnomad
MODIFIER,chr7:65319159-65319161,5.0,gnomad
MODIFIER,chr9:139130681-139130683,11.0,gnomad
MODIFIER,chr4:76446365-76446367,13.0,gnomad
MODIFIER,chr19:57846858-57846860,5.0,gnomad
MODIFIER,chr6:38263345-38263347,10.0,gnomad
MODIFIER,chrX:14274438-14274440,16.0,gnomad
MODIFIER,chr20:54217326-54217328,12.0,gnomad
MODIFIER,chr2:102648266-102648268,4.0,gnomad
MODIFIER,chr3:54785318-54785320,16.0,gnomad
MODIFIER,chr6:72295499-72295501,16.0,gnomad
MODIFIER,chr21:35595073-35595075,11.0,gnomad
MODIFIER,chr12:47005151-47005153,5.0,gnomad
MODIFIER,chr4:768283-768285,4.0,gnomad
MODIFIER,chr12:49716922-49716924,15.0,gnomad
MODIFIER,chr3:154912316-154912318,10.0,gnomad
MODIFIER,chr5:135068420-135068422,1.0,gnomad
MODIFIER,chr17:36764922-36764924,12.0,gnomad
MODIFIER,chr7:97717179-97717181,15.0,gnomad
MODIFIER,chr11:98426265-98426267,12.0,gnomad
MODIFIER,chr7:110936617-110936619,11.0,gnomad
MODIFIER,chr12:106726965-106726967,5.0,gnomad
MODIFIER,chr2:81016484-81016486,11.0,gnomad
MODIFIER,chr9:8804912-8804914,16.0,gnomad
MODIFIER,chr4:2621556-2621558,5.0,gnomad
MODIFIER,chr6:160022118-160022120,9.0,gnomad
MODIFIER,chr8:50654134-50654136,5.0,gnomad
MODIFIER,chr1:147736387-147736389,3.0,gnomad
MODIFIER,chr12:19098057-19098059,4.0,gnomad
MODIFIER,chr9:610294-610296,15.0,gnomad
MODIFIER,chr10:64262906-64262908,12.0,gnomad
MODIFIER,chrX:81943148-81943150,5.0,gnomad
MODIFIER,chr15:39744224-39744226,16.0,gnomad
MODIFIER,chr7:97954117-97954119,14.0,gnomad
MODIFIER,chr13:86213131-86213133,5.0,gnomad
MODIFIER,chr4:112553410-112553412,16.0,gnomad
MODIFIER,chr6:5514400-5514402,15.0,gnomad
MODIFIER,chr5:13136320-13136322,4.0,gnomad
MODIFIER,chr2:201327465-201327467,5.0,gnomad
MODIFIER,chr7:17801574-17801576,5.0,gnomad
MODIFIER,chr3:25024237-25024239,13.0,gnomad
MODIFIER,chr1:229236814-229236816,10.0,gnomad
MODIFIER,chr12:3596812-3596814,15.0,gnomad
MODIFIER,chr7:43713808-43713810,11.0,gnomad
MODIFIER,chrX:104208539-104208541,15.0,gnomad
MODIFIER,chr15:95213448-95213450,12.0,gnomad
MODIFIER,chr15:22544254-22544256,11.0,gnomad
MODIFIER,chr5:85616635-85616637,10.0,gnomad
MODIFIER,chr10:88383280-88383282,2.0,gnomad
MODIFIER,chr20:46424019-46424021,14.0,gnomad
MODIFIER,chr5:37760284-37760286,2.0,gnomad
MODIFIER,chr14:75051673-75051675,16.0,gnomad
MODIFIER,chr10:12014352-12014354,15.0,gnomad
MODIFIER,chr4:147518550-147518552,4.0,gnomad
MODIFIER,chr17:63900103-63900105,4.0,gnomad
MODIFIER,chr13:108802526-108802528,9.0,gnomad
MODIFIER,chr3:147529330-147529332,11.0,gnomad
MODIFIER,chr3:117705963-117705965,16.0,gnomad
MODIFIER,chr9:19183787-19183789,5.0,gnomad
MODIFIER,chr11:36644829-36644831,14.0,gnomad
MODIFIER,chr6:98536351-98536353,2.0,gnomad
MODIFIER,chr12:39378520-39378522,5.0,gnomad
MODIFIER,chr7:69076185-69076187,16.0,gnomad
MODIFIER,chr2:189277268-189277270,5.0,gnomad
MODIFIER,chr11:31406627-31406629,4.0,gnomad
MODIFIER,chr22:39149239-39149241,4.0,gnomad
MODIFIER,chr4:40880379-40880381,4.0,gnomad
MODIFIER,chr7:50637703-50637705,4.0,gnomad
MODIFIER,chr4:46177324-46177326,9.0,gnomad
MODIFIER,chr16:6960039-6960041,13.0,gnomad
MODIFIER,chr3:158926832-158926834,4.0,gnomad
MODIFIER,chr3:62854618-62854620,13.0,gnomad
MODIFIER,chr10:115371108-115371110,15.0,gnomad
MODIFIER,chr11:119396752-119396754,12.0,gnomad
MODIFIER,chrX:796363-796365,4.0,gnomad
MODIFIER,chr2:199476016-199476018,12.0,gnomad
MODIFIER,chr10:96843523-96843525,2.0,gnomad
MODIFIER,chr18:36842880-36842882,5.0,gnomad
MODIFIER,chr13:52944718-52944720,5.0,gnomad
MODIFIER,chr5:157990545-157990547,5.0,gnomad
MODIFIER,chr3:49918475-49918477,16.0,gnomad
MODIFIER,chr8:111091838-111091840,4.0,gnomad
MODIFIER,chr5:26237753-26237755,5.0,gnomad
MODIFIER,chr1:221325409-221325411,8.0,gnomad
MODIFIER,chr7:127381853-127381855,16.0,gnomad
MODIFIER,chr8:4504411-4504413,11.0,gnomad
MODIFIER,chr4:177041541-177041543,12.0,gnomad
MODIFIER,chr20:2417212-2417214,13.0,gnomad
MODIFIER,chr5:165851321-165851323,16.0,gnomad
MODIFIER,chr5:163431058-163431060,15.0,gnomad
MODIFIER,chr2:124151991-124151993,4.0,gnomad
MODIFIER,chr12:67179859-67179861,5.0,gnomad
MODIFIER,chr1:51172596-51172598,5.0,gnomad
MODIFIER,chr1:104369992-104369994,10.0,gnomad
MODIFIER,chr20:60359445-60359447,1.0,gnomad
MODIFIER,chr22:34421541-34421543,5.0,gnomad
MODIFIER,chr7:39029956-39029958,12.0,gnomad
MODIFIER,chr7:52975249-52975251,4.0,gnomad
MODIFIER,chr13:41316575-41316577,5.0,gnomad
MODIFIER,chr10:15786456-15786458,14.0,gnomad
MODIFIER,chr2:28505879-28505881,11.0,gnomad
MODIFIER,chr3:46735194-46735196,7.0,gnomad
MODIFIER,chr10:50792742-50792744,5.0,gnomad
MODIFIER,chr10:88544086-88544088,10.0,gnomad
MODIFIER,chr9:121006085-121006087,5.0,gnomad
MODIFIER,chr1:215269744-215269746,5.0,gnomad
MODIFIER,chr3:145544704-145544706,4.0,gnomad
MODIFIER,chr1:25356533-25356535,15.0,gnomad
MODIFIER,chr4:175216625-175216627,1.0,gnomad
MODIFIER,chr5:144684436-144684438,5.0,gnomad
MODIFIER,chr1:224025633-224025635,5.0,gnomad
MODIFIER,chr5:152370179-152370181,15.0,gnomad
MODIFIER,chr3:41541254-41541256,10.0,gnomad
MODIFIER,chr4:11603476-11603478,14.0,gnomad
MODIFIER,chr1:81806249-81806251,16.0,gnomad
MODIFIER,chr16:46931383-46931385,16.0,gnomad
MODIFIER,chr15:95891310-95891312,9.0,gnomad
MODIFIER,chr2:72384326-72384328,12.0,gnomad
MODIFIER,chr1:247303891-247303893,5.0,gnomad
MODIFIER,chr5:12945761-12945763,5.0,gnomad
MODIFIER,chr5:174040630-174040632,10.0,gnomad
MODIFIER,chr5:49630821-49630823,4.0,gnomad
MODIFIER,chrX:56851952-56851954,3.0,gnomad
MODIFIER,chr10:72121476-72121478,13.0,gnomad
MODIFIER,chrX:32862091-32862093,15.0,gnomad
MODIFIER,chr4:138228635-138228637,16.0,gnomad
MODIFIER,chr2:81920515-81920517,12.0,gnomad
MODIFIER,chr2:176316986-176316988,5.0,gnomad
MODIFIER,chr5:43319328-43319330,5.0,gnomad
MODIFIER,chr2:217966999-217967001,4.0,gnomad
MODIFIER,chr11:98193394-98193396,13.0,gnomad
MODIFIER,chr14:80673475-80673477,16.0,gnomad
MODIFIER,chr4:52687057-52687059,5.0,gnomad
MODIFIER,chr20:37251924-37251926,5.0,gnomad
MODIFIER,chr1:191880076-191880078,5.0,gnomad
MODIFIER,chr4:106743022-106743024,11.0,gnomad
MODIFIER,chr6:142776841-142776843,5.0,gnomad
MODIFIER,chrX:145761536-145761538,4.0,gnomad
MODIFIER,chr12:113456293-113456295,3.0,gnomad
MODIFIER,chr9:8815664-8815666,15.0,gnomad
MODIFIER,chrX:127216456-127216458,4.0,gnomad
MODIFIER,chr20:47635716-47635718,16.0,gnomad
MODIFIER,chr2:113742733-113742735,14.0,gnomad
MODIFIER,chr5:123015814-123015816,2.0,gnomad
MODIFIER,chr5:95369065-95369067,4.0,gnomad
MODIFIER,chr8:30254161-30254163,13.0,gnomad
MODIFIER,chr3:20540072-20540074,5.0,gnomad
MODIFIER,chr2:230046840-230046842,10.0,gnomad
MODIFIER,chr4:172681397-172681399,5.0,gnomad
MODIFIER,chr4:28052400-28052402,5.0,gnomad
MODIFIER,chr7:70782923-70782925,4.0,gnomad
MODIFIER,chr20:56469788-56469790,5.0,gnomad
MODIFIER,chr5:126212522-126212524,4.0,gnomad
MODIFIER,chr14:59996602-59996604,15.0,gnomad
MODIFIER,chr1:6231849-6231851,15.0,gnomad
MODIFIER,chr4:134023242-134023244,8.0,gnomad
MODIFIER,chr2:121385269-121385271,12.0,gnomad
MODIFIER,chr1:48864440-48864442,14.0,gnomad
MODIFIER,chr5:149394835-149394837,12.0,gnomad
MODIFIER,chr5:66498431-66498433,15.0,gnomad
MODIFIER,chr9:8967953-8967955,4.0,gnomad
MODIFIER,chr19:42420916-42420918,1.0,gnomad
MODIFIER,chrX:102975332-102975334,13.0,gnomad
MODIFIER,chr6:91741910-91741912,16.0,gnomad
MODIFIER,chr12:83844056-83844058,1.0,gnomad
MODIFIER,chr18:32542892-32542894,11.0,gnomad
MODIFIER,chr2:42384986-42384988,10.0,gnomad
MODIFIER,chr21:44774028-44774030,5.0,gnomad
MODIFIER,chrX:84581423-84581425,5.0,gnomad
MODIFIER,chr15:32587293-32587295,2.0,gnomad
MODIFIER,chr16:86001856-86001858,5.0,gnomad
MODIFIER,chr12:68988159-68988161,5.0,gnomad
MODIFIER,chr19:24428583-24428585,2.0,gnomad
MODIFIER,chr1:108707098-108707100,2.0,gnomad
MODIFIER,chr1:174668328-174668330,5.0,gnomad
MODIFIER,chr1:151481571-151481573,14.0,gnomad
MODIFIER,chr12:83382208-83382210,11.0,gnomad
MODIFIER,chr4:39106674-39106676,5.0,gnomad
MODIFIER,chr6:92247566-92247568,7.0,gnomad
MODIFIER,chr6:163834787-163834789,14.0,gnomad
MODIFIER,chr10:111276517-111276519,9.0,gnomad
MODIFIER,chr13:59637338-59637340,16.0,gnomad
MODIFIER,chr5:70966320-70966322,10.0,gnomad
MODIFIER,chr3:44281350-44281352,4.0,gnomad
MODIFIER,chr10:119128322-119128324,14.0,gnomad
MODIFIER,chr4:150314031-150314033,13.0,gnomad
MODIFIER,chr11:123341014-123341016,11.0,gnomad
MODIFIER,chr7:79041539-79041541,12.0,gnomad
MODIFIER,chr2:10208240-10208242,4.0,gnomad
MODIFIER,chr3:196366588-196366590,15.0,gnomad
MODIFIER,chrX:87075969-87075971,5.0,gnomad
MODIFIER,chr15:49257995-49257997,11.0,gnomad
MODIFIER,chr1:2845607-2845609,11.0,gnomad
MODIFIER,chr7:51156368-51156370,5.0,gnomad
MODIFIER,chr2:190021855-190021857,12.0,gnomad
MODIFIER,chr2:126563271-126563273,10.0,gnomad
MODIFIER,chr9:84208253-84208255,13.0,gnomad
MODIFIER,chr7:112373628-112373630,2.0,gnomad
MODIFIER,chr4:70071869-70071871,5.0,gnomad
MODIFIER,chr15:40676689-40676691,14.0,gnomad
